budget_imdb;rating_imdb;votes_imdb;director_imdb;popularity_imdb;wins;nominations;oscars_won;bin_oscar_nom;revenue
-1;6.6;294;John Ford (as Jack Ford);NaN;0;0;0;0;0
-1;6.8;237;Ernst Lubitsch;NaN;0;0;0;0;0
-1;5.2;176;James Vincent;NaN;0;0;0;0;0
-1;;;Nicholas T. Barrows (as Nick Barrows);NaN;0;0;0;0;0
-1;;;Jacques de Baroncelli;NaN;0;0;0;0;0
-1;;;Musidora;NaN;0;0;0;0;0
-1;;;Thomas Bentley;NaN;0;0;0;0;0
-1;7.2;12;Hinko Nucic;NaN;0;0;0;0;0
-1;;;William Watson (as William H. Watson);NaN;0;0;0;0;0
-1;;;;NaN;0;0;0;0;0
-1;;;Hank Mann;NaN;0;0;0;0;0
-1;;;William Campbell (as William S. Campbell);NaN;0;0;0;0;0
-1;6.9;109;Dimitri Buchowetzki;NaN;0;0;0;0;0
-1;7.2;905;Max Linder;NaN;0;0;0;0;0
-1;5.9;253;Winsor McCay;NaN;0;0;0;0;0
-1;7.0;59;;NaN;0;0;0;0;0
-1;;;Erik Lund;NaN;0;0;0;0;0
-1;;;Chalux (as Roger de Chateleux);NaN;0;0;0;0;0
-1;;;;NaN;0;0;0;0;0
-1;;;Rudolf Biebrach;NaN;0;0;0;0;0
-1;;;Sidney Olcott;NaN;0;0;0;0;0
-1;6.1;7;Viktor Tourjansky;NaN;0;0;0;0;0
-1;5.2;17;Noel M. Smith (as Noel Smith);NaN;0;0;0;0;0
-1;5.7;12;Louis Feuillade;NaN;0;0;0;0;0
-1;5.9;32;Lambert Hillyer;NaN;0;0;0;0;0
-1;7.7;5055;;NaN;0;0;0;0;0
-1;6.6;174;;NaN;0;0;0;0;0
-1;7.2;483;Wladyslaw Starewicz;NaN;0;0;0;0;0
-1;5.4;348;Walt Disney;NaN;0;0;0;0;0
-1;;;;NaN;0;0;0;0;0
-1;;;Maurice Lagrenée;NaN;0;0;0;0;0
-1;;;Heinz Schall;NaN;0;0;0;0;0
-1;;;Erich Schönfelder;NaN;0;0;0;0;0
-1;;;Nelo Cosimi;NaN;0;0;0;0;0
-1;;;André Hugon;NaN;0;0;0;0;0
-1;;;Gerhard Lamprecht;NaN;0;0;0;0;0
-1;;;;NaN;0;0;0;0;0
-1;;;Tressie Souders;NaN;0;0;0;0;0
-1;6.4;51;Alfred J. Goulding;NaN;0;0;0;0;0
-1;6.0;11;Emory Johnson;NaN;0;0;0;0;0
-1;6.5;19;Ludwig Berger;NaN;0;0;0;0;0
-1;5.8;13;Vladimir Barskiy (as V. Barski);NaN;0;0;0;0;0
-1;;;Jean Legrand;NaN;0;0;0;0;0
-1;;;Jean Hervé;NaN;0;0;0;0;0
-1;;;Henry Kolker;NaN;0;0;0;0;0
-1;;;;NaN;0;0;0;0;0
-1;;;José A. Ferreyra;NaN;0;0;0;0;0
-1;7.2;19;;NaN;0;0;0;0;0
-1;7.1;25;Roy Del Ruth;NaN;0;0;0;0;0
-1;;;Edward Laemmle;NaN;0;0;0;0;0
-1;8.0;901;Allan Dwan;NaN;0;0;0;0;0
-1;6.5;301;Walter Ruttmann (as Ruttmann);NaN;0;0;0;0;0
-1;8.3;613;E. Mason Hopper;NaN;0;0;0;0;0
-1;5.4;162;Walt Disney;NaN;0;0;0;0;0
-1;6.5;317;D.W. Griffith;NaN;0;0;0;0;0
-1;;;;NaN;0;0;0;0;0
-1;;;Édouard Chimot;NaN;0;0;0;0;0
-1;6.9;15;Richard Oswald;NaN;0;0;0;0;0
-1;;;Hanns Schwarz;NaN;0;0;0;0;0
-1;;;Quirino Cristiani;NaN;0;0;0;0;0
-1;;;Frank Tuttle;NaN;0;0;0;0;0
-1;;;Sidney Morgan;NaN;0;0;0;0;0
-1;4.8;8;;NaN;0;0;0;0;0
-1;7.5;792;William Beaudine;NaN;0;0;0;0;0
-1;7.5;886;Ernst Lubitsch;NaN;0;0;0;0;0
-1;4.7;28;Solomon Sir Jones;NaN;0;0;0;0;0
-1;6.6;27;;NaN;0;0;0;0;0
-1;5.3;63;Dziga Vertov;NaN;0;0;0;0;0
-1;4.7;73;Walt Disney;NaN;0;0;0;0;0
-1;5.9;15;David Smith;NaN;0;0;0;0;0
-1;;;Édouard Chimot;NaN;0;0;0;0;0
-1;5.2;14;;NaN;0;0;0;0;0
-1;7.2;14;Paul Wegener;NaN;0;0;0;0;0
-1;;;Erich Schönfelder;NaN;0;0;0;0;0
-1;;;Miguel Ballesteros Pérez;NaN;0;0;0;0;0
-1;5.7;6;John Francis Dillon;NaN;0;0;0;0;0
-1;7.6;2258;Teinosuke Kinugasa;NaN;0;0;0;0;0
-1;6.6;312;James Young;NaN;0;0;0;0;0
-1;;;;NaN;0;0;0;0;0
-1;;;Carl Boese;NaN;0;0;0;0;0
-1;7.2;327;Raoul Walsh;NaN;0;0;0;0;0
-1;5.6;119;Walt Disney;NaN;0;0;0;0;0
-1;;;John B. O'Brien;NaN;0;0;0;0;0
-1;;;René Le Somptier;NaN;0;0;0;0;0
-1;;;Manfred Noa;NaN;0;0;0;0;0
-1;6.2;11;;NaN;0;0;0;0;0
-1;;;Jaap Speyer;NaN;0;0;0;0;0
-1;;;Carl Froelich;NaN;0;0;0;0;0
-1;7.3;67;Daisuke Itô;NaN;0;0;0;0;0
-1;8.2;42801;F.W. Murnau;NaN;2;2;3;1;0
250000;7.8;2714;Frank Borzage;NaN;3;3;3;1;250000
-1;7.7;10035;;NaN;1;2;2;1;0
-1;7.3;8889;Alfred Hitchcock;NaN;0;0;0;0;0
-1;6.4;97;;NaN;0;0;0;0;0
-1;5.8;80;Albert Arthur Allen;NaN;0;0;0;0;0
-1;6.4;108;Leo McCarey;NaN;0;0;0;0;0
-1;6.3;224;John Ford;NaN;0;0;0;0;0
-1;3.5;8;Francisco Gómez Hidalgo;NaN;0;0;0;0;0
-1;;;Charles Lamont;NaN;0;0;0;0;0
-1;;;Phil Rosen;NaN;0;0;0;0;0
-1;;;;NaN;0;0;0;0;0
-1;;;Carmine Gallone;NaN;0;0;0;0;0
-1;5.4;9;John M. Stahl;NaN;0;0;0;0;0
-1;6.8;9;Hanns Schwarz;NaN;0;0;0;0;0
-1;8.1;2204;King Vidor;NaN;0;0;0;0;0
-1;7.5;1924;Frank Borzage;NaN;0;2;1;1;0
-1;8.0;2891;Josef von Sternberg;NaN;0;0;1;1;0
-1;6.8;30;Irvin Willat;NaN;0;0;0;0;0
390000;7.1;325;Victor Sjöström (as Victor Seastrom);NaN;0;0;0;0;390000
-1;4.8;26;Solomon Sir Jones;NaN;0;0;0;0;0
-1;7.0;253;Fred Guiol (as Fred L. Guiol);NaN;0;0;0;0;0
-1;5.7;780;Irving Cummings;NaN;0;4;1;1;0
-1;;;Tomiyasu Ikeda;NaN;0;0;0;0;0
-1;;;Ernst Lubitsch;NaN;0;4;1;1;0
-1;5.4;107;John Ford (uncredited);NaN;0;0;0;0;0
-1;;;Arch Heath;NaN;0;0;0;0;0
-1;;;;NaN;0;0;0;0;0
-1;;;;NaN;0;0;0;0;0
-1;;;Géza von Bolváry;NaN;0;0;0;0;0
-1;;;Ragnar Hyltén-Cavallius;NaN;0;0;0;0;0
1558000;6.2;5688;Harry Beaumont;NaN;0;2;1;1;1558000
-1;7.3;107;Jean Grémillon;NaN;0;0;0;0;0
-1;7.4;2531;Fritz Lang;NaN;0;0;0;0;0
-1;6.4;888;Alfred E. Green;NaN;2;2;1;1;0
-1;7.8;1157;Edmund Goulding;NaN;0;0;0;0;0
-1;6.6;424;Yasujirô Ozu;NaN;0;0;0;0;0
-1;5.1;7;Bradley Barker;NaN;0;0;0;0;0
-1;6.8;100;;NaN;0;0;0;0;0
-1;6.3;589;Frank Lloyd;NaN;0;2;1;1;0
-1;5.9;294;;NaN;0;0;0;0;0
-1;5.8;34;Kote Marjanishvili (as Kote Mardjanishvili);NaN;0;0;0;0;0
-1;5.6;243;Walt Disney (uncredited);NaN;0;0;0;0;0
-1;4.4;13;Paul Terry;NaN;0;0;0;0;0
-1;6.4;98;Castleton Knight;NaN;0;0;0;0;0
-1;5.7;9;Erle C. Kenton;NaN;0;0;0;0;0
-1;;;René Barberis;NaN;0;0;0;0;0
-1;8.1;53136;Lewis Milestone;NaN;5;5;2;1;0
-1;7.6;893;Thornton Freeland;NaN;0;0;0;0;0
-1;6.7;105;James W. Horne;NaN;0;0;0;0;0
-1;6.8;2412;Robert Z. Leonard (uncredited);NaN;0;3;1;1;0
-1;6.0;88;;NaN;0;0;0;0;0
-1;7.1;1609;;NaN;0;2;2;1;0
-1;5.5;33;Henry MacRae;NaN;0;0;0;0;0
-1;5.5;132;;NaN;0;0;0;0;0
-1;6.5;825;Archie Mayo;NaN;0;0;0;0;0
-1;7.2;860;John Murray Anderson;NaN;0;0;1;1;0
-1;5.9;225;Ub Iwerks (uncredited);NaN;0;0;0;0;0
-1;6.2;79;Marcel De Sano;NaN;0;0;0;0;0
-1;5.5;10;Monte Carter;NaN;0;0;0;0;0
-1;4.8;44;;NaN;0;0;0;0;0
-1;5.9;20;John P. McCarthy;NaN;0;0;0;0;0
-1;3.7;18;;NaN;0;0;0;0;0
-1;8.5;144235;Charles Chaplin;NaN;3;0;0;0;0
-1;6.6;126;Rowland Brown;NaN;0;0;0;0;0
1028960;7.6;4351;F.W. Murnau;NaN;2;0;1;1;1028960
-1;6.0;100;Hanns Schwarz;NaN;0;0;0;0;0
-1;6.7;673;Edgar Selwyn;NaN;5;3;1;1;0
-1;7.3;2426;King Vidor (uncredited);NaN;0;3;2;1;0
-1;7.0;41;Grace Elliott;NaN;0;0;0;0;0
-1;6.8;355;Mikio Naruse;NaN;0;0;0;0;0
-1;6.2;52;;NaN;0;0;0;0;0
-1;6.7;1984;Clarence Brown;NaN;0;2;1;1;0
-1;7.0;5;Mort Blumenstock;NaN;0;0;0;0;0
-1;6.5;103;Dave Fleischer;NaN;0;0;0;0;0
-1;6.3;599;Norman Taurog;NaN;0;3;1;1;0
-1;6.6;909;Frank Borzage;NaN;0;0;2;1;0
-1;6.6;960;William A. Wellman;NaN;0;0;0;0;0
-1;6.0;4727;Wesley Ruggles (uncredited);NaN;2;2;3;1;0
-1;6.7;575;Burt Gillett (uncredited);NaN;0;0;0;0;0
-1;;;Hans Steinhoff;NaN;0;0;0;0;0
-1;6.0;72;Victor Schertzinger;NaN;0;0;0;0;0
-1;7.4;284;Sam Taylor;NaN;0;0;0;0;0
1359000;7.5;15534;Edmund Goulding;NaN;0;0;1;1;1359000
-1;5.8;206;Thornton Freeland;NaN;0;0;0;0;0
-1;8.1;602;James Parrott;NaN;0;0;1;1;0
-1;7.7;11323;Rouben Mamoulian;NaN;2;2;1;1;0
-1;6.4;209;Lowell Sherman;NaN;0;0;0;0;0
-1;6.5;189;Sam Wood (uncredited);NaN;0;0;0;0;0
-1;7.1;559;Edward Buzzell (as Edduie Buzzell);NaN;0;0;0;0;0
-1;7.4;6446;Josef von Sternberg;NaN;0;2;1;1;0
-1;6.7;747;Raoul Walsh;NaN;0;0;0;0;0
-1;6.5;4364;Frank Borzage;NaN;1;1;2;1;0
-1;6.9;275;Wilfred Jackson;NaN;0;0;0;0;0
-1;4.6;14;;NaN;0;0;0;0;0
-1;5.9;104;Hugh Harman (uncredited);NaN;0;0;0;0;0
-1;6.7;1017;Roy Del Ruth;NaN;0;0;0;0;0
-1;6.4;242;Marion Gering;NaN;0;0;0;0;0
-1;6.3;218;Wilfred Jackson;NaN;0;0;0;0;0
-1;5.8;25;Harry L. Fraser (as Harry Fraser);NaN;0;0;0;0;0
17440000;6.0;3922;Frank Lloyd;NaN;3;7;3;1;17440000
-1;6.5;4911;Lowell Sherman;NaN;1;1;0;1;0
-1;7.2;151;Yu Sun;NaN;0;0;0;0;0
-1;7.2;921;Lloyd French;NaN;0;0;0;0;0
-1;7.1;277;Humberto Mauro;NaN;0;0;0;0;0
-1;7.5;740;John G. Adolfi;NaN;0;0;0;0;0
-1;7.3;5497;George Cukor;NaN;3;3;1;1;0
-1;7.2;3269;Alexander Korda;NaN;0;0;1;1;0
-1;7.5;4336;Burt Gillett (uncredited);NaN;0;0;1;1;0
-1;6.8;67;Joris Ivens;NaN;0;0;0;0;0
-1;6.7;216;Dave Fleischer;NaN;0;0;0;0;0
-1;;;;NaN;0;0;0;0;0
-1;6.9;54;E. Mason Hopper;NaN;0;0;0;0;0
-1;7.3;272;Julien Duvivier;NaN;0;0;0;0;0
-1;6.8;490;Wilfred Jackson (uncredited);NaN;0;0;0;0;0
-1;5.1;213;Charles Chauvel;NaN;0;0;0;0;0
-1;7.1;9;Franz Osten;NaN;0;0;0;0;0
-1;8.1;84012;Frank Capra;NaN;1;1;5;1;0
-1;7.8;1069;Charley Rogers (as Charles Rogers);NaN;0;0;0;0;0
-1;7.6;6159;Mark Sandrich;NaN;0;5;1;1;0
-1;6.5;408;Roy Del Ruth;NaN;0;0;0;0;0
-1;5.0;8;;NaN;0;0;0;0;0
-1;7.9;55;;NaN;0;0;0;0;0
-1;7.4;275;;NaN;0;0;0;0;0
-1;6.7;323;;NaN;0;0;0;0;0
-1;6.5;1029;;NaN;3;3;1;1;0
-1;7.2;326;;NaN;0;0;0;0;0
-1;6.0;167;Charles Reisner (as Charles F. Reisner);NaN;0;0;0;0;0
-1;6.7;84;Dave Fleischer;NaN;0;0;0;0;0
-1;6.1;59;Walter Lantz (uncredited);NaN;0;0;0;0;0
-1;6.9;3049;Cecil B. DeMille;NaN;0;4;1;1;0
-1;5.9;450;Victor Schertzinger;NaN;0;1;2;1;0
-1;6.4;84;Rudolf Ising (uncredited);NaN;0;0;0;0;0
-1;6.4;17;Lotte Reiniger;NaN;0;0;0;0;0
11351454;7.8;18812;Frank Lloyd;NaN;2;2;1;1;11351454
-1;7.5;5132;John Ford;NaN;6;6;4;1;0
-1;5.4;54;John S. Robertson (as John Robertson);NaN;0;0;0;0;0
-1;6.9;92;Douglas Sirk (as Detlef Sierck);NaN;0;0;0;0;0
-1;7.8;46394;Alfred Hitchcock;NaN;1;1;0;0;0
-1;6.8;1365;;NaN;0;2;1;1;0
-1;7.5;2261;Busby Berkeley;NaN;0;0;1;1;0
-1;4.9;7;Lau Lauritzen;NaN;0;0;0;0;0
-1;5.6;112;John S. Robertson (as John Robertson);NaN;0;0;0;0;0
-1;7.3;503;Ben Sharpsteen (uncredited);NaN;0;0;0;0;0
-1;6.2;120;Ralph Staub;NaN;0;0;0;0;0
-1;7.2;2323;Henry Hathaway;NaN;0;1;2;1;0
-1;6.8;624;Sidney Franklin (as Sidney A. Franklin);NaN;0;2;1;1;0
-1;7.0;2848;;NaN;0;2;2;1;0
-1;6.9;237;Ben Sharpsteen (uncredited);NaN;0;0;0;0;0
-1;6.6;220;;NaN;0;0;1;1;0
-1;6.3;53;Albert Parker;NaN;0;0;0;0;0
-1;6.6;80;Friz Freleng (as Isadore Freleng);NaN;0;0;0;0;0
-1;5.6;58;D. Ross Lederman;NaN;0;0;0;0;0
-1;6.1;272;Christy Cabanne;NaN;0;0;0;0;0
-1;6.1;30;Leo Mittler;NaN;0;0;0;0;0
13122717;7.3;4487;W.S. Van Dyke (uncredited);NaN;4;1;1;1;13122717
-1;7.1;4055;Michael Curtiz;NaN;0;3;1;1;0
-1;7.6;10873;George Stevens;NaN;0;1;1;1;0
-1;6.5;1446;;NaN;1;1;4;1;0
-1;4.8;9;A.W. Sandberg;NaN;0;0;0;0;0
-1;8.0;18026;Frank Capra;NaN;4;4;1;1;0
-1;7.2;631;Anatole Litvak;NaN;3;1;0;0;0
-1;8.1;719;William Wyler;NaN;2;2;1;1;0
-1;;;Martin Fric;NaN;0;0;0;0;0
-1;7.0;154;Richard Thorpe;NaN;0;0;0;0;0
-1;7.4;1961;William Dieterle;NaN;2;2;3;1;0
-1;7.5;2511;Jean Renoir;NaN;0;0;0;0;0
-1;6.8;2071;Michael Curtiz;NaN;0;0;0;0;0
-1;7.2;1851;Frank Borzage;NaN;0;0;0;0;0
-1;6.8;6336;Robert Z. Leonard;NaN;0;1;3;1;0
-1;7.0;1553;;NaN;0;0;1;1;0
-1;6.7;21;Igor Savchenko;NaN;0;0;0;0;0
-1;6.3;127;Louis King;NaN;0;0;0;0;0
-1;6.9;278;;NaN;0;0;0;0;0
-1;5.8;132;Gus Meins;NaN;0;0;0;0;0
-1;7.7;806;Ben Sharpsteen (uncredited);NaN;0;0;0;0;0
-1;5.7;35;Henri Diamant-Berger;NaN;0;0;0;0;0
-1;6.9;356;Marcel Varnel;NaN;0;0;0;0;0
-1;8.0;7865;Victor Fleming;NaN;2;1;1;1;0
-1;7.9;3065;Wilfred Jackson (uncredited);NaN;2;1;1;1;0
-1;7.9;16019;Leo McCarey;NaN;2;2;1;1;0
-1;7.6;1208;Eugene Forde;NaN;0;0;0;0;0
-1;7.8;1106;Frank Capra;NaN;1;1;2;1;0
-1;6.9;117;Len Lye;NaN;0;0;0;0;0
-1;6.9;1593;George Stevens;NaN;0;0;1;1;0
-1;7.5;4054;King Vidor;NaN;0;0;0;0;0
-1;7.3;2111;John Ford;NaN;0;2;1;1;0
-1;7.6;7502;;3094;2;2;1;1;0
-1;7.3;6213;William Dieterle;NaN;5;5;3;1;0
-1;7.3;1234;Eugene Forde;NaN;0;0;0;0;0
-1;6.0;509;Louis King;NaN;0;0;0;0;0
-1;6.9;824;Henry Koster;NaN;0;4;1;1;0
-1;6.2;12;Herbert Brenon;NaN;0;0;0;0;0
-1;6.0;147;Hamilton MacFadden;NaN;0;0;0;0;0
-1;6.5;55;Andrew L. Stone;NaN;0;0;0;0;0
-1;6.4;445;Frank Borzage;NaN;0;0;0;0;0
-1;6.1;239;Frank Tuttle;NaN;0;0;1;1;0
-1;5.9;478;Louis King;NaN;0;0;0;0;0
-1;7.7;4099;;NaN;2;2;2;1;0
11544247;8.0;21077;Frank Capra;NaN;0;7;2;1;11544247
-1;7.0;1729;Henry King;NaN;0;6;1;1;0
-1;8.0;43638;;NaN;3;3;3;1;0
-1;6.8;57;Emanuel Gregers;NaN;0;0;0;0;0
-1;7.8;59;Johann von Vásáry (as Vásáry János);NaN;0;0;0;0;0
-1;7.9;7089;;NaN;1;1;1;1;0
-1;7.6;10595;William Wyler;NaN;3;3;2;1;0
-1;7.5;5468;Edwin L. Marin;NaN;0;0;0;0;0
-1;6.7;79;Nate Watt;NaN;0;0;0;0;0
-1;7.1;451;Oskar Fischinger (uncredited);NaN;0;0;0;0;0
-1;7.3;4725;Norman Taurog;NaN;0;1;2;1;0
-1;5.6;52;Joseph Cornell;NaN;0;0;0;0;0
-1;6.7;1094;;NaN;0;2;1;1;0
-1;6.5;796;;NaN;0;0;1;1;0
-1;6.8;433;Harold S. Bucquet;NaN;0;0;0;0;0
-1;6.9;1889;Henry King;NaN;0;4;2;1;0
-1;6.0;5;Svend Methling;NaN;0;0;0;0;0
-1;7.0;240;Frank Tashlin;NaN;0;0;0;0;0
-1;6.0;63;Dave Fleischer;NaN;0;0;0;0;0
-1;7.1;385;Abel Gance;NaN;0;0;0;0;0
-1;6.8;470;Jack Cutting (uncredited);NaN;0;0;0;0;0
-1;6.9;217;George Archainbaud;NaN;0;0;0;0;0
400176459;8.2;262007;;863;10;10;8;1;400176459
-1;8.0;349192;;920;7;7;2;1;0
-1;8.2;97437;Frank Capra;NaN;4;4;1;1;0
-1;7.9;37684;John Ford;NaN;5;5;2;1;0
-1;5.9;8;;NaN;0;0;0;0;0
-1;7.8;891;;NaN;0;1;1;1;0
-1;7.7;719;Marcel Varnel;NaN;0;0;0;0;0
-1;7.7;14771;William Wyler;NaN;5;5;1;1;0
-1;;;Henri Cartier-Bresson;NaN;0;0;0;0;0
-1;6.2;35;Humphrey Jennings;NaN;0;0;0;0;0
-1;7.1;192;Robert Clampett;NaN;0;0;0;0;0
-1;7.1;254;Edmund Goulding;NaN;2;0;0;0;0
-1;7.5;76;Isidor Annensky;NaN;0;0;0;0;0
-1;5.0;34;Erle C. Kenton;NaN;0;0;0;0;0
-1;6.1;108;Jacques Tourneur;NaN;0;0;0;0;0
-1;6.1;25;Charles Lamont;NaN;0;0;0;0;0
-1;7.0;166;Clarence Brown;NaN;0;5;1;1;0
-1;6.4;33;Aleksandr Macheret (as A. Macheret);NaN;0;0;0;0;0
-1;6.5;1841;Lloyd Bacon;NaN;0;0;0;0;0
-1;7.5;114669;;2609;4;0;2;1;0
7592465;8.1;109891;Alfred Hitchcock;NaN;5;5;2;1;7592465
-1;;;;NaN;0;0;0;0;0
-1;8.1;80194;John Ford;4790;8;8;2;1;0
-1;7.6;3874;Anatole Litvak;NaN;0;0;0;0;0
-1;8.0;58119;George Cukor;4544;3;3;2;1;0
-1;7.4;1532;John Cromwell;NaN;0;0;0;0;0
-1;7.5;10656;;NaN;0;3;3;1;0
-1;7.0;2829;Sam Wood;NaN;0;1;1;1;0
-1;7.4;6808;Robert Z. Leonard;NaN;0;0;1;1;0
-1;6.4;30;Humphrey Jennings;NaN;0;0;0;0;0
1096000;5.7;964;George Cukor;NaN;0;0;0;0;1096000
-1;7.5;4453;William Wyler;NaN;0;1;1;1;0
-1;6.6;1306;Cecil B. DeMille;NaN;0;1;1;1;0
-1;6.3;157;;NaN;0;0;0;0;0
-1;8.1;387;Del Lord;NaN;0;0;0;0;0
-1;7.0;626;Mitchell Leisen;NaN;0;3;1;1;0
-1;6.7;2528;Fritz Lang;NaN;0;0;0;0;0
-1;7.1;133;Otakar Vávra;NaN;0;0;0;0;0
-1;5.8;29;Alex Lovy;NaN;0;0;0;0;0
-1;6.3;234;Alfred E. Green;NaN;0;0;0;0;0
-1;7.0;1225;Busby Berkeley;NaN;0;2;1;1;0
-1;6.7;502;Nick Grinde (as Nick Grindé);NaN;0;0;0;0;0
-1;5.7;20;Frank McDonald;NaN;0;0;0;0;0
-1;8.3;359638;Orson Welles;1592;9;9;1;1;0
-1;7.8;14056;Howard Hawks;NaN;3;3;2;1;0
-1;7.8;18904;John Ford;NaN;8;8;5;1;0
-1;7.4;28733;Alfred Hitchcock;NaN;3;3;1;1;0
-1;7.3;106516;;135;3;0;1;1;0
-1;5.6;33;Christopher Young;NaN;0;0;0;0;0
-1;7.1;315;Vincent Sherman;NaN;0;0;0;0;0
-1;7.3;354;Alexander Korda;NaN;0;3;1;1;0
-1;7.7;4054;William Dieterle;NaN;0;0;1;1;0
-1;7.9;18;Eugene Forde;NaN;0;0;0;0;0
-1;6.8;49;Edward Dmytryk;NaN;0;0;0;0;0
-1;7.3;3052;Edmund Goulding;NaN;0;0;1;1;0
-1;7.6;5308;Alexander Hall;NaN;3;3;2;1;0
-1;7.4;5165;Michael Powell;NaN;2;2;1;1;0
-1;7.4;910;Jack Kinney (uncredited);NaN;0;0;0;0;0
-1;7.0;1523;Mervyn LeRoy;NaN;1;1;1;1;0
-1;6.4;135;Robert B. Sinclair;NaN;0;0;0;0;0
-1;7.0;2071;Rouben Mamoulian;NaN;0;0;1;1;0
-1;6.3;124;Wolfgang Liebeneiner;NaN;1;1;0;0;0
-1;6.1;66;Edward Killy;NaN;0;0;0;0;0
-1;6.4;71;Dave Fleischer;NaN;0;0;0;0;0
-1;6.6;574;Tay Garnett;NaN;0;0;0;0;0
-1;7.2;472;Jack King (uncredited);NaN;0;0;0;0;0
-1;7.4;666;Jack King;NaN;0;0;0;0;0
21173600;7.6;14087;William Wyler;NaN;4;4;6;1;21173600
-1;8.5;470933;Michael Curtiz;967;5;5;3;1;0
-1;7.7;531;István Szöts;NaN;1;1;0;0;0
-1;6.6;180;Miguel M. Delgado;NaN;1;1;0;0;0
-1;8.0;13383;Irving Rapper;NaN;0;1;1;1;0
-1;7.7;9029;Sam Wood;NaN;0;10;1;1;0
-1;7.5;11686;Mark Sandrich;NaN;0;2;1;1;0
-1;6.9;930;Anatole Litvak;NaN;0;3;1;1;0
-1;7.8;976;;NaN;0;0;0;0;0
-1;7.7;12809;Michael Curtiz;NaN;3;3;3;1;0
-1;5.9;21;Alex Lovy;NaN;0;0;0;0;0
-1;7.3;8209;George Stevens;NaN;0;1;1;1;0
-1;7.2;651;;NaN;4;0;0;0;0
-1;6.9;3582;Henry King;NaN;0;2;1;1;0
-1;6.2;1096;John Rawlins;NaN;0;0;0;0;0
-1;7.1;1545;;NaN;3;0;1;1;0
-1;6.4;520;Irving Cummings;NaN;0;0;1;1;0
-1;6.8;4821;Roy William Neill;NaN;0;0;0;0;0
-1;6.8;2595;Cecil B. DeMille (as Cecil B. De Mille);NaN;0;2;1;1;0
-1;6.2;4834;Erle C. Kenton;NaN;1;1;0;0;0
-1;6.0;27;Léo Joannon;NaN;0;0;0;0;0
-1;6.7;96;Friz Freleng (as I. Freleng);NaN;0;0;0;0;0
-1;6.2;169;Herbert Wilcox;NaN;0;0;0;0;0
-1;6.8;142;;NaN;2;0;1;1;0
-1;6.2;382;Harry Lachman;NaN;0;0;0;0;0
-1;8.0;8079;Carl Theodor Dreyer;NaN;1;1;0;0;0
-1;7.2;963;Vincent Sherman;NaN;2;0;0;0;0
-1;7.7;5415;Henry King;NaN;4;4;4;1;0
-1;7.2;4221;Delmer Daves;NaN;0;0;0;0;0
-1;7.3;251;Friz Freleng (as I. Freleng);NaN;0;0;0;0;0
-1;6.9;108;Frank R. Strayer (as Frank Strayer);NaN;0;0;0;0;0
-1;7.4;3367;;NaN;5;5;1;1;0
-1;7.8;5229;George Stevens;NaN;0;1;1;1;0
-1;6.8;451;Jean Grémillon;NaN;0;0;0;0;0
-1;7.6;3583;Jack Kinney (uncredited);NaN;0;0;1;1;0
-1;7.0;7544;Sam Wood;NaN;3;3;1;1;0
-1;6.9;1387;;NaN;0;0;0;0;0
-1;7.1;1657;Clarence Brown;NaN;0;1;1;1;0
-1;6.0;1089;Lewis Milestone;NaN;0;0;0;0;0
-1;7.1;2634;Howard Hawks;NaN;0;1;1;1;0
-1;5.9;868;Michael Curtiz;NaN;0;1;1;1;0
-1;6.8;17;;NaN;0;0;0;0;0
-1;5.7;81;Chuck Jones (as Charles M. Jones);NaN;0;0;0;0;0
-1;6.7;254;Charles Barton;NaN;0;0;0;0;0
-1;6.8;375;H. Bruce Humberstone (as Bruce Humberstone);NaN;0;0;1;1;0
-1;6.5;5635;Arthur Lubin;NaN;0;1;2;1;0
-1;4.6;363;Charles McDonald;NaN;0;0;0;0;0
-1;7.2;923;Leo McCarey;NaN;11;11;7;1;0
-1;8.3;125707;Billy Wilder;4435;2;2;0;1;0
-1;8.0;38117;Otto Preminger;NaN;2;2;1;1;0
-1;6.8;1315;Henry King;NaN;2;2;5;1;0
-1;6.4;458;Frank Ryan;NaN;0;0;0;0;0
-1;7.8;20742;George Cukor;NaN;3;3;2;1;0
-1;7.4;5886;Clarence Brown;NaN;0;1;2;1;0
-1;5.4;15;;NaN;0;0;0;0;0
-1;7.2;189;;NaN;0;0;1;1;0
-1;6.7;134;Bodil Ipsen;NaN;0;0;0;0;0
-1;6.9;42;Charles Vidor;NaN;0;4;1;1;0
-1;6.3;155;Alfred Hitchcock (uncredited);NaN;0;0;0;0;0
-1;6.9;286;Tex Avery;NaN;0;0;0;0;0
6200000;7.5;4879;Mervyn LeRoy;NaN;0;0;1;1;6200000
-1;6.6;2022;Clifford Odets;NaN;4;4;1;1;0
-1;6.3;809;Preston Sturges;NaN;0;0;0;0;0
-1;6.1;16;Charles Lamont;NaN;0;0;0;0;0
-1;6.4;56;Allan Dwan;NaN;0;0;0;0;0
-1;7.3;432;Jack Hannah;NaN;0;0;0;0;0
-1;7.3;335;;NaN;2;0;1;1;0
-1;7.6;388;;NaN;0;8;1;1;0
-1;6.2;154;Budd Boetticher (as Oscar Boetticher Jr.);NaN;0;0;0;0;0
-1;6.2;117;Edward F. Cline (as Eddie Cline);NaN;0;0;0;0;0
-1;;;Vladimír Slavínský (as Otto Pittermann);NaN;0;0;0;0;0
-1;7.4;6377;Leo McCarey;NaN;3;3;1;1;0
-1;8.0;30186;Billy Wilder;NaN;12;12;4;1;0
-1;7.6;39078;Alfred Hitchcock;NaN;0;1;1;1;0
-1;8.0;19992;Michael Curtiz;NaN;2;2;1;1;0
-1;8.1;6399;Elia Kazan;NaN;2;0;1;1;0
-1;7.6;2171;Irving Rapper;NaN;0;0;0;0;0
-1;7.6;1057;Albert Lewin;NaN;2;2;1;1;0
-1;7.7;959;John M. Stahl;NaN;0;1;1;1;0
-1;4.6;27;Rune Carlsten;NaN;0;0;0;0;0
-1;7.2;7177;George Sidney;NaN;0;4;1;1;0
-1;7.1;2934;Roy William Neill;NaN;0;0;0;0;0
-1;7.2;4803;David Lean;NaN;0;0;1;1;0
-1;7.1;3278;Walter Lang;NaN;0;3;1;1;0
-1;7.9;1145;;NaN;0;0;0;0;0
-1;6.7;290;Leopold Lindtberg;NaN;3;0;1;1;0
-1;7.1;1728;H. Bruce Humberstone (as Bruce Humberstone);NaN;0;4;1;1;0
-1;7.7;272;Billy Wilder;NaN;0;0;0;0;0
-1;6.8;2446;Henry Hathaway;NaN;0;0;1;1;0
-1;6.1;1649;Akira Kurosawa;NaN;0;0;0;0;0
-1;6.6;101;Friz Freleng (as I. Freleng);NaN;0;0;0;0;0
13437520;6.7;930;Robert Z. Leonard;NaN;0;0;0;0;13437520
-1;6.9;133;Compton Bennett;NaN;0;0;1;1;0
-1;5.9;518;;NaN;0;0;0;0;0
-1;6.6;483;Mervyn LeRoy (uncredited);NaN;2;0;1;1;0
-1;7.2;369;;NaN;3;0;1;1;0
-1;6.3;111;Herbert Wilcox;NaN;0;0;0;0;0
-1;;;;NaN;0;0;0;0;0
-1;5.8;33;;NaN;0;0;0;0;0
44309982;8.1;52858;William Wyler;NaN;14;14;7;1;44309982
-1;7.1;87;Géza von Bolváry;NaN;0;0;0;0;0
-1;7.5;7121;Lewis Milestone;NaN;0;0;0;1;0
-1;7.9;20222;David Lean;NaN;0;1;2;1;0
-1;6.4;25;;NaN;0;0;0;0;0
-1;6.5;289;Georges Lacombe;NaN;0;0;0;0;0
-1;7.8;2019;Mitchell Leisen;NaN;0;2;1;1;0
-1;7.4;1374;Alfred E. Green;NaN;0;1;2;1;0
-1;7.5;4786;Edmund Goulding;NaN;2;2;1;1;0
-1;7.3;326;Tex Avery;NaN;0;0;0;0;0
-1;7.3;10045;;3142;0;0;1;1;0
-1;7.3;4868;Clarence Brown;NaN;0;1;2;1;0
-1;6.8;310;Walter Lang;NaN;0;0;0;0;0
-1;7.1;3114;George Sidney;NaN;0;0;1;1;0
-1;6.2;109;John Harlow;NaN;0;0;0;0;0
-1;6.8;50;Jean Grémillon;NaN;0;0;0;0;0
-1;6.9;37;Charles Barton (as Charles T. Barton);NaN;0;0;0;0;0
-1;5.9;247;Robert Wise;NaN;0;0;0;0;0
-1;7.1;1986;John Cromwell;NaN;0;1;2;1;0
-1;5.4;68;Victor M. Gover;NaN;0;0;0;0;0
-1;6.3;468;Frank Wisbar;NaN;0;0;0;0;0
-1;7.4;13164;Elia Kazan;NaN;9;9;3;1;0
-1;7.5;740;Emilio Fernández;NaN;2;1;1;1;0
1500000;8.0;13972;Charles Chaplin;NaN;2;1;0;1;1500000
-1;8.0;18956;;NaN;3;0;2;1;0
-1;8.2;3475;;NaN;0;0;1;1;0
-1;5.4;25;J.A. Hübler-Kahla;NaN;0;0;0;0;0
-1;7.9;36761;George Seaton;NaN;5;0;3;1;0
-1;7.4;2049;H.C. Potter;NaN;0;0;1;1;0
-1;7.6;12389;Henry Koster;NaN;0;4;1;1;0
-1;6.9;267;Luigi Zampa;NaN;2;1;0;0;0
-1;6.9;109;;NaN;0;0;0;0;0
-1;7.5;516;Jacques Becker;NaN;1;1;0;0;0
-1;7.0;2649;George Cukor;NaN;1;1;2;1;0
-1;7.7;383;Robert Rossen;NaN;0;4;1;1;0
-1;6.7;1267;Anthony Mann;NaN;0;0;0;0;0
-1;6.8;1326;Preston Sturges;NaN;0;0;0;1;0
-1;6.9;1164;Victor Saville;NaN;1;2;1;1;0
-1;7.1;338;Robert McKimson;NaN;0;0;0;0;0
-1;7.1;19;Giorgio Ferroni;NaN;0;0;0;0;0
-1;7.1;221;Ronald Neame;NaN;0;0;0;0;0
-1;6.7;460;Walter Lang;NaN;0;2;1;1;0
-1;7.3;743;Jules White;NaN;0;0;0;0;0
-1;6.5;36;Christy Cabanne;NaN;0;0;0;0;0
-1;8.2;100706;John Huston;4963;12;12;3;1;0
-1;7.6;14724;John Ford;NaN;2;1;0;0;0
-1;8.3;24344;;NaN;2;1;2;1;0
-1;8.0;84;James Algar;NaN;1;1;1;1;0
-1;7.7;4212;Preston Sturges;NaN;0;0;0;0;0
-1;7.9;337;John Huston;NaN;0;0;1;1;0
-1;7.8;13772;Laurence Olivier;NaN;11;11;4;1;0
-1;7.3;107;Robert A. Stemmle (as R.A. Stemmle);NaN;3;2;0;1;0
-1;7.6;5943;Anatole Litvak;NaN;9;9;1;1;0
12650540;7.5;7612;Charles Walters;NaN;0;0;1;1;12650540
-1;7.7;5588;William Dieterle;NaN;0;1;1;1;0
-1;7.9;3406;Fred Zinnemann;NaN;6;6;1;1;0
-1;7.6;10695;Jules Dassin;NaN;0;1;2;1;0
-1;6.7;71;Jean Dréville;NaN;0;0;0;0;0
-1;7.8;249;Edward Bernds;NaN;0;0;0;0;0
-1;7.8;3809;Jean Negulesco;NaN;4;4;1;1;0
-1;7.7;256;Dick Lundy;NaN;0;0;0;0;0
-1;7.0;10;Daniel Tinayre;NaN;0;0;0;0;0
-1;7.1;2414;William Keighley;NaN;0;0;0;0;0
5000000;7.0;2485;Vincent Sherman;NaN;0;1;1;1;5000000
-1;6.9;3283;Norman Z. McLeod;NaN;0;2;1;1;0
-1;6.5;2454;Victor Fleming;NaN;2;2;2;1;0
-1;6.7;2244;Julien Duvivier;NaN;0;0;0;0;0
-1;5.9;24;Chano Urueta;NaN;0;0;0;0;0
-1;6.4;131;Joseph H. Lewis;NaN;0;0;0;0;0
-1;6.8;317;Alain Resnais;NaN;1;1;1;1;0
-1;6.0;16;Kenzô Masaoka;NaN;0;0;0;0;0
-1;6.6;195;Lance Comfort;NaN;0;0;0;0;0
-1;6.8;6127;Cecil B. DeMille;NaN;0;1;2;1;0
-1;7.4;14127;John Ford;NaN;0;0;1;1;0
-1;7.6;1449;;NaN;2;2;1;1;0
-1;7.8;11394;Henry King;NaN;3;3;2;1;0
-1;7.4;3184;Mark Robson;NaN;0;1;1;1;0
-1;8.2;142075;Carol Reed;2625;4;4;1;1;0
-1;7.3;108;Hugo Fregonese;NaN;0;0;0;0;0
-1;8.2;11696;William Wyler;NaN;1;3;4;1;0
-1;7.3;5642;Mervyn LeRoy;NaN;1;3;1;1;0
-1;7.5;2496;Akira Kurosawa;NaN;0;0;0;0;0
-1;7.8;7498;Joseph L. Mankiewicz;NaN;3;0;2;1;0
-1;7.4;1362;Chuck Jones (as Charles M. Jones);NaN;0;0;0;0;0
-1;7.5;11862;Robert Rossen;NaN;11;11;3;1;0
-1;6.3;149;Montgomery Tully;NaN;0;0;0;0;0
-1;8.0;1439;Friz Freleng (as I. Freleng);NaN;0;0;0;0;0
-1;6.5;1124;Edward Buzzell;NaN;0;0;1;1;0
13666420;7.5;6037;William A. Wellman;NaN;3;3;2;1;13666420
-1;7.0;4104;Ernest B. Schoedsack;NaN;1;1;1;1;0
-1;7.1;10721;;NaN;0;0;0;0;0
-1;7.2;2391;Sam Wood;NaN;2;0;1;1;0
-1;6.0;81;Elmer Clifton;NaN;0;0;0;0;0
-1;6.7;564;Alfred E. Green;NaN;0;0;0;0;0
-1;;;Luis García Berlanga;NaN;0;0;0;0;0
-1;;;Satoshi Morino;NaN;0;0;0;0;0
-1;6.1;270;Carl Theodor Dreyer;NaN;0;0;0;0;0
-1;6.2;44;Henri Decoin;NaN;0;0;0;0;0
-1;7.0;3953;;NaN;2;2;1;1;0
5303175;8.4;176543;Billy Wilder;NaN;15;15;3;1;5303175
-1;8.3;106354;Joseph L. Mankiewicz;3178;17;17;6;1;0
-1;8.2;317;Gilberto Martínez Solares;NaN;0;0;0;0;0
-1;7.5;327;Michael Gordon;NaN;1;3;1;1;0
-1;8.0;49673;Henry Koster;NaN;1;3;1;1;0
-1;8.0;21;Thor Heyerdahl;NaN;0;0;1;1;0
-1;7.7;10094;Joseph H. Lewis;NaN;0;0;0;0;0
-1;7.3;6302;Elia Kazan;NaN;2;2;1;1;0
-1;7.6;8922;George Cukor;NaN;3;3;1;1;12000000
-1;7.1;15;;NaN;0;0;0;0;0
-1;8.2;114;James Algar;NaN;3;0;1;1;0
-1;5.7;51;Éric Duvivier;NaN;0;0;0;0;0
-1;6.9;1361;Basil Dearden;NaN;0;0;1;1;0
-1;7.6;716;Chuck Jones (as Charles M. Jones);NaN;0;0;0;0;0
775000;7.1;2437;John Sturges;NaN;0;0;0;0;775000
-1;7.1;1581;Robert Cannon;NaN;1;1;1;1;0
-1;6.7;78;Ralph Smart;NaN;0;0;0;0;0
-1;7.4;3744;Joseph L. Mankiewicz;NaN;0;0;0;1;0
-1;7.2;1226;;NaN;0;2;1;1;0
-1;6.2;355;Mitchell Leisen;NaN;0;0;1;1;0
9955000;6.9;5174;;NaN;0;1;2;1;9955000
-1;6.9;651;William Dieterle;NaN;4;1;1;1;0
-1;7.9;747;;NaN;0;0;0;0;0
-1;6.4;3238;Irving Pichel;NaN;2;2;1;1;0
-1;6.2;58;George Archainbaud;NaN;0;0;0;0;0
-1;7.2;58;Roberto Gavaldón;NaN;0;4;0;0;0
-1;7.3;49;;NaN;2;0;1;1;0
-1;6.3;814;Ray Enright;NaN;0;0;0;0;0
10750000;7.9;66059;John Huston;NaN;2;2;1;1;10750000
-1;8.0;90909;Elia Kazan;2090;13;13;4;1;0
-1;7.2;27166;Vincente Minnelli;NaN;4;4;6;1;0
-1;7.0;227;William Beaudine;NaN;0;0;0;0;0
-1;7.9;1183;Mikio Naruse;NaN;9;0;0;0;0
-1;7.8;71802;Robert Wise;NaN;2;0;1;1;0
-1;7.8;17914;George Stevens;NaN;8;8;6;1;0
-1;7.7;1131;Charles Crichton;NaN;3;3;1;1;0
-1;6.9;603;Arne Mattsson;NaN;2;1;0;0;0
-1;6.6;138;Douglas Sirk;NaN;0;0;0;0;0
-1;7.5;99;James Algar;NaN;0;0;1;1;0
-1;7.0;65;;NaN;0;0;0;0;0
-1;7.5;531;Kenji Mizoguchi;NaN;0;0;0;0;0
-1;7.2;430;Friz Freleng (as I. Freleng);NaN;0;0;0;0;0
-1;6.7;1088;Richard Thorpe;NaN;5;1;1;1;0
-1;7.2;460;Basil Dearden;NaN;0;0;0;0;0
-1;6.7;6244;Rudolph Maté;NaN;8;3;1;1;0
-1;6.5;641;H. Bruce Humberstone (as Bruce Humberstone);NaN;0;0;0;0;0
-1;7.3;49;Julián Soler;NaN;0;0;0;0;0
-1;6.6;90;Lesley Selander;NaN;0;0;0;0;0
-1;6.5;430;Robert McKimson;NaN;0;0;0;0;0
-1;6.7;11494;Cecil B. DeMille;NaN;5;5;2;1;0
18000000;8.0;89943;Fred Zinnemann;2175;13;13;4;1;18000000
3373000;7.9;11605;Vincente Minnelli;NaN;2;2;5;1;3373000
-1;8.1;1601;Charles Chaplin;NaN;5;5;1;1;8000000
-1;7.2;30;Károly Makk;NaN;0;0;0;0;0
-1;6.4;787;Norman Taurog;NaN;0;0;0;0;0
-1;7.7;401;Daniel Mann;NaN;2;1;1;1;0
-1;7.9;2685;Norman McLaren;NaN;0;1;1;1;0
-1;7.8;31554;John Ford;NaN;8;8;2;1;0
-1;7.8;428;Jacques Becker;NaN;0;1;1;1;0
-1;7.7;1679;Jack Hannah;NaN;0;0;0;0;0
-1;7.5;919;Elia Kazan;NaN;2;2;1;1;0
-1;5.5;13;Asbjørn Andersen;NaN;0;0;0;0;0
-1;6.5;320;Charles Marquis Warren;NaN;0;0;0;0;0
-1;7.1;1116;Erik Blomberg;NaN;4;0;1;1;0
-1;6.7;150;Franz Antel;NaN;0;0;0;0;0
13333894;7.1;4482;John Huston;NaN;4;4;2;1;13333894
-1;7.6;607;Borivoj Zeman;NaN;0;0;0;0;0
-1;7.5;542;;NaN;0;0;0;0;0
-1;6.9;1466;David Lean;NaN;8;8;1;1;0
-1;6.1;177;Michael McCarthy;NaN;0;0;0;0;0
-1;6.8;184;Hugo Fregonese;NaN;0;0;1;1;0
-1;7.0;1087;Walter Lang;NaN;4;4;1;1;0
-1;6.4;269;George Marshall;NaN;0;0;0;0;0
-1;7.2;18;Alfredo B. Crevenna;NaN;0;0;0;0;0
-1;6.6;8;Robert A. Stemmle;NaN;0;0;0;0;0
-1;7.3;110932;;3287;0;2;0;0;0
-1;6.8;8059;Henry Koster;NaN;3;3;2;1;0
-1;7.7;39202;Fred Zinnemann;NaN;14;14;8;1;0
-1;7.7;33271;George Stevens;NaN;1;2;1;1;0
12000000;8.1;116745;William Wyler;2920;1;2;3;1;12000000
-1;7.2;5806;Jean Negulesco;NaN;0;2;1;1;0
-1;7.1;29373;Byron Haskin;NaN;4;4;1;1;0
-1;7.4;93;Raffaello Matarazzo;NaN;0;0;0;0;0
-1;8.1;47737;Henri-Georges Clouzot;NaN;5;0;1;1;0
-1;7.6;1043;James Algar;NaN;5;5;1;1;0
-1;8.0;7814;Max Ophüls;NaN;0;0;0;0;0
10000000;8.0;47786;Billy Wilder;NaN;2;1;1;1;10000000
-1;7.2;186;Arne Sucksdorff;NaN;5;0;1;1;0
-1;7.2;2692;Teinosuke Kinugasa;NaN;6;0;1;1;0
-1;7.2;176;Friz Freleng (as I. Freleng);NaN;0;0;0;0;0
3920000;7.4;9335;Joseph L. Mankiewicz;NaN;6;6;1;1;3920000
-1;6.7;22;Gilberto Martínez Solares;NaN;0;0;0;0;0
-1;6.0;230;Henri Verneuil;NaN;0;0;0;0;0
-1;7.0;1037;Walter Lang;NaN;0;1;1;1;0
-1;7.3;7473;David Butler;NaN;0;2;1;1;0
8000000;6.0;539;Terence Young;NaN;0;0;0;0;8000000
-1;7.4;2935;Charles Walters;NaN;6;6;1;1;0
-1;7.2;1169;;NaN;0;0;1;1;0
-1;6.4;75;Friz Freleng (as I. Freleng);NaN;0;0;0;0;0
-1;7.0;229;George Seaton;NaN;0;0;1;1;0
-1;7.4;267;Friz Freleng (as I. Freleng);NaN;0;0;0;0;0
-1;7.4;701;;NaN;0;1;0;1;0
-1;6.6;7357;Jack Arnold;NaN;0;3;1;1;0
-1;7.4;42;Gösta Werner;NaN;0;0;0;0;0
-1;6.2;68;Maurice Elvey;NaN;0;0;0;0;0
-1;7.0;115;Mikhail Romm;NaN;0;0;0;0;0
-1;7.2;25833;Richard Fleischer;NaN;2;2;2;1;0
10000000;7.7;5286;Billy Wilder;1457;5;5;1;1;10000000
-1;8.2;127639;Elia Kazan;2906;21;21;8;1;0
-1;7.4;19279;Stanley Donen;4578;4;4;1;1;0
-1;5.8;10;Umberto Scarpelli;NaN;0;0;0;0;0
-1;8.0;52;Nancy Hamilton;NaN;0;0;1;1;0
-1;7.1;774;Jean Negulesco;NaN;0;0;0;0;0
-1;8.1;52791;Federico Fellini;NaN;11;11;1;1;0
-1;8.1;1938;Keisuke Kinoshita;NaN;9;0;1;1;0
-1;7.7;337;James Algar;NaN;1;1;1;1;0
-1;7.3;4832;George Seaton;NaN;5;5;2;1;0
-1;8.0;127;Mikio Naruse;NaN;0;0;0;0;0
-1;7.7;5719;David Lean;NaN;0;1;1;1;0
-1;6.7;1237;Mark Robson;NaN;0;2;1;1;0
-1;6.8;5;Antonio Momplet;NaN;1;1;0;0;0
-1;7.0;133;Charles Crichton;NaN;2;2;2;1;0
-1;6.6;140;Harold French;NaN;0;0;0;0;0
-1;7.3;7242;Anthony Mann;NaN;0;6;1;1;0
-1;7.1;8568;Joseph L. Mankiewicz;NaN;0;1;1;1;0
-1;7.7;802;Chuck Jones (as Charles M. Jones);NaN;0;0;0;0;0
-1;6.7;1132;Ralph Thomas;NaN;0;4;1;1;0
-1;6.1;91;Mario Soldati;NaN;0;0;0;0;0
-1;7.5;264;;NaN;0;0;1;1;0
-1;6.9;137;Denis Sanders;NaN;2;0;1;1;0
-1;7.2;306;Charles A. Nichols (as C. August Nichols);NaN;0;0;0;0;0
-1;6.3;2743;Jean Negulesco;NaN;5;2;2;1;0
-1;6.5;1382;Rudolph Maté;NaN;0;0;0;0;0
-1;6.8;4781;Mark Robson;NaN;0;2;1;1;0
-1;6.1;26;Ivan Pyrev (as Ivan Pyryev);NaN;0;0;0;0;0
-1;6.3;54;Don Patterson;NaN;0;0;0;0;0
-1;6.5;40;Lotte Reiniger;NaN;0;0;0;0;0
-1;7.5;55735;Alfred Hitchcock;NaN;0;5;1;1;0
-1;7.1;29996;Alfred Hitchcock;NaN;0;4;1;1;0
-1;7.7;18981;Delbert Mann;NaN;15;15;4;1;0
-1;8.0;36455;Elia Kazan;3954;6;1;1;1;0
-1;8.6;15417;Alain Resnais;NaN;2;1;0;0;0
-1;8.2;12064;Carl Theodor Dreyer;NaN;6;0;1;1;0
-1;8.1;55996;Henri-Georges Clouzot (as H.G. Clouzot);NaN;4;0;0;0;0
-1;7.2;3126;Daniel Mann;NaN;7;7;3;1;0
-1;6.3;186;Jerry Hopper;NaN;0;0;0;0;0
-1;7.7;14224;;NaN;2;2;1;1;0
-1;7.2;30555;Billy Wilder;NaN;1;1;1;1;0
-1;7.4;8314;Anthony Mann;NaN;0;0;0;0;0
-1;7.4;186;Friz Freleng (as I. Freleng);NaN;0;0;0;0;0
-1;6.5;622;Frank Lloyd;NaN;0;0;0;0;0
-1;7.3;296;Jack Clayton;NaN;2;0;1;1;0
-1;8.0;2165;Michael Cacoyannis (as Mihalis Kakogiannis);NaN;6;1;1;1;0
-1;7.2;3272;Charles Vidor;NaN;1;1;1;1;0
-1;7.2;726;Joshua Logan;NaN;1;1;2;1;0
-1;6.6;131;Raffaello Matarazzo;NaN;0;0;0;0;0
-1;6.7;3162;Jean Negulesco;NaN;0;0;0;1;0
-1;6.9;861;Norman McLaren;NaN;0;0;1;1;0
-1;6.8;220;Borivoj Zeman;NaN;0;0;0;0;0
-1;7.4;1681;Daniel Mann;NaN;2;2;1;1;0
-1;7.2;1019;Fred Zinnemann;NaN;0;1;2;1;0
-1;7.6;396;Jack Hannah;NaN;0;0;0;0;0
-1;6.6;4011;;NaN;1;1;3;1;0
-1;6.5;4675;Charles Lamont;NaN;0;2;0;0;0
-1;6.8;52;;NaN;0;0;0;0;0
196344381;7.9;56621;Cecil B. DeMille (as Cecil B. de Mille);NaN;6;6;1;1;196344381
-1;6.8;21973;;NaN;8;8;5;1;0
-1;7.7;30949;George Stevens;NaN;6;6;1;1;0
-1;7.5;22007;Walter Lang;3116;5;5;5;1;0
-1;7.5;51257;Alfred Hitchcock;4524;5;4;1;1;0
3360000;7.5;668;Robert Wise;NaN;5;4;2;1;3360000
-1;7.6;290;Branko Bauer;NaN;0;0;0;0;0
-1;6.8;262;Alfred L. Werker (as Alfred Werker);NaN;0;0;0;0;0
-1;8.0;72542;John Ford;NaN;3;5;1;1;0
-1;8.2;14808;Albert Lamorisse;NaN;4;0;1;1;0
-1;7.7;488;Hiroshi Inagaki;NaN;0;0;0;0;0
-1;7.4;3787;Ronald Neame;NaN;0;1;1;1;0
-1;7.4;9382;;NaN;3;3;1;1;0
-1;6.7;532;Ernst Marischka;NaN;0;3;0;0;0
-1;7.3;1984;Vincente Minnelli;NaN;0;2;1;1;0
-1;5.4;32;George Blair;NaN;0;0;0;0;0
-1;7.7;28;Gottfried Reinhardt;NaN;1;1;1;1;0
-1;7.3;95;Leonid Lukov;NaN;0;0;0;0;0
-1;7.5;9022;Douglas Sirk;NaN;0;3;1;1;0
-1;7.1;6857;Anatole Litvak;NaN;5;5;1;1;0
-1;7.8;639;Friz Freleng;NaN;0;0;0;0;0
-1;7.8;800;Michael Cacoyannis (as Mihalis Kakogiannis);NaN;1;2;1;1;0
-1;7.7;501;Ismael Rodríguez;NaN;1;1;1;1;0
-1;7.1;406;;NaN;0;0;0;0;0
-1;7.2;1213;;NaN;4;0;1;1;0
-1;6.7;532;John Paddy Carstairs;NaN;0;0;0;0;0
-1;7.6;1351;Richard Quine;NaN;0;4;1;1;0
-1;7.3;2044;Lewis Gilbert;NaN;0;4;1;1;0
-1;6.0;1137;Henry Koster;NaN;0;0;0;0;0
-1;7.2;119;Jack Lee;NaN;1;2;2;1;0
-1;6.8;641;Irving Rapper;NaN;0;3;1;1;0
-1;7.2;71;Mikhail Romm;NaN;0;0;0;0;0
-1;6.7;98;Fred F. Sears;NaN;0;0;0;0;0
-1;8.2;184721;David Lean;2850;23;23;7;1;0
-1;8.1;38327;Federico Fellini;NaN;15;15;1;1;0
-1;8.6;153;Ward Kimball;NaN;0;0;0;0;0
-1;7.3;360;J. Lee Thompson;NaN;7;1;1;1;0
-1;7.2;44;Tadashi Imai;NaN;4;1;0;0;0
-1;7.2;385;Raymond Rouleau;NaN;2;2;1;1;0
-1;7.1;1037;Charles Vidor;NaN;1;1;1;1;0
-1;6.9;338;Kurt Hoffmann;NaN;3;1;1;1;0
1420000;6.5;1061;Robert Wise;NaN;0;0;0;0;1420000
-1;7.2;6592;Nunnally Johnson;NaN;2;0;1;1;0
-1;7.6;8871;Dick Powell;NaN;2;2;1;1;0
-1;6.6;280;Gerhard Klein;NaN;0;0;0;0;0
-1;7.5;47;Ladislav Helge;NaN;0;0;0;0;0
-1;7.0;36;Ching Doe;NaN;0;0;0;0;0
-1;7.6;224;Frank Capra;NaN;0;0;1;1;0
-1;6.4;885;Douglas Sirk;NaN;0;0;1;1;0
-1;7.7;1106;Friz Freleng;NaN;0;0;0;0;0
-1;7.2;535;Joshua Logan;NaN;4;4;4;1;0
-1;6.4;76;Jerome Hill;NaN;0;0;1;1;0
-1;7.1;433;Giorgio Bianchi;NaN;0;0;0;0;0
-1;6.7;2259;George Cukor;NaN;6;6;1;1;0
-1;6.9;77;Wolfgang Staudte;NaN;2;2;0;0;0
-1;6.4;115;Compton Bennett;NaN;0;0;0;0;0
-1;7.1;643;Francesco Stefani;NaN;0;0;0;0;0
-1;6.8;8;Viktor Zhilin;NaN;0;0;0;0;0
-1;6.9;7278;Joshua Logan;NaN;0;10;1;1;0
-1;6.3;12;James Hill;NaN;0;0;0;0;0
-1;6.9;55;Ingmar Bergman;NaN;0;0;0;0;0
-1;7.9;13797;William Wyler;NaN;2;2;1;1;0
-1;7.8;838;Bert Haanstra;NaN;2;0;1;1;0
-1;7.9;12259;Roy Ward Baker (as Roy Baker);NaN;0;1;1;1;0
-1;6.3;26;Carlo Ludovico Bragaglia;NaN;0;0;0;0;0
-1;7.2;319;Anthony Asquith;NaN;0;4;3;1;0
-1;7.8;16546;Jacques Tati;NaN;6;6;1;1;0
-1;7.5;8817;Martin Ritt;NaN;2;4;0;0;0
-1;7.5;5191;Robert Wise;NaN;5;5;1;1;0
-1;7.5;5907;Delbert Mann;NaN;5;5;2;1;0
-1;7.7;11774;Stanley Kramer;NaN;12;12;2;1;0
-1;8.5;8;Ismail Efendiyev;NaN;0;0;0;0;0
-1;6.5;39;Watson Macedo;NaN;0;0;0;0;0
-1;7.7;370;Kurt Hoffmann;NaN;1;3;1;1;0
-1;7.2;214;Yoshitarô Nomura;NaN;3;0;0;0;0
-1;7.1;549;Peter Glenville;NaN;2;1;1;1;0
-1;7.4;1777;Irving Lerner;NaN;0;0;0;0;0
-1;6.8;64;Jacques Rozier;NaN;0;0;0;0;0
2060000;7.1;2189;Leslie Norman;NaN;0;0;0;0;2060000
-1;7.0;6394;;NaN;5;5;1;1;0
-1;6.8;17613;Vincente Minnelli;NaN;12;12;9;1;0
-1;6.5;2039;George Pal;NaN;0;5;1;1;0
-1;7.4;80;Richard Williams;NaN;6;1;1;1;0
-1;6.7;1124;Carol Reed;NaN;6;1;1;1;0
-1;6.0;254;Bernard Borderie;NaN;0;0;0;0;0
-1;7.2;305;Shôhei Imamura;NaN;2;0;0;0;0
-1;6.7;1494;Anthony Mann;NaN;0;2;1;1;0
196200000;8.1;199674;William Wyler;2003;1;1;11;1;196200000
-1;8.2;217436;Billy Wilder;1519;1;1;1;1;0
-1;7.5;13639;Michael Gordon;NaN;1;1;1;1;0
-1;8.0;50468;Howard Hawks;NaN;2;2;1;1;0
-1;4.9;11;Bernard Borderie;NaN;0;0;0;0;0
-1;;;Yasushi Sasaki;NaN;0;0;0;0;0
-1;7.9;6289;Yasujirô Ozu;NaN;0;0;0;0;0
-1;7.6;2012;J. Lee Thompson;NaN;4;1;1;1;0
-1;7.5;8588;Marcel Camus;NaN;3;3;1;1;0
-1;7.3;824;Dino Risi;NaN;0;0;0;0;0
-1;7.4;10955;George Stevens;NaN;5;5;3;1;0
-1;7.2;599;Steno;NaN;0;0;0;0;0
-1;5.4;23;;NaN;0;0;0;0;0
-1;7.3;200;Phil Karlson;NaN;0;0;0;0;0
-1;7.3;3196;John Boulting;NaN;0;0;2;1;0
-1;7.2;1078;Basil Dearden;NaN;2;2;1;1;0
-1;7.0;2531;Delmer Daves;NaN;0;1;1;1;0
-1;7.0;818;Terence Fisher;NaN;0;0;0;0;0
-1;7.6;4437;Jack Clayton;NaN;8;8;2;1;0
-1;6.0;119;John Gilling;NaN;0;0;0;0;0
-1;7.5;248;Friz Freleng;NaN;0;0;0;0;0
-1;7.1;643;Kon Ichikawa;NaN;2;1;1;1;0
-1;6.8;247;Peter Watkins;NaN;0;0;0;0;0
-1;8.0;342;Bernhard Grzimek;NaN;0;0;1;1;0
-1;7.3;1365;;NaN;3;3;1;1;0
-1;6.5;1138;Roman Polanski;NaN;0;0;0;0;0
-1;6.3;2116;Frank Capra;NaN;1;1;1;1;0
60000000;7.9;112349;Stanley Kubrick;2143;1;1;4;1;60000000
25000000;8.3;14147;Billy Wilder;NaN;1;1;5;1;25000000
21750000;6.8;807;Otto Preminger;NaN;1;1;1;1;21750000
-1;8.1;58471;Federico Fellini;3662;1;1;1;1;0
-1;7.8;9195;Richard Brooks;NaN;1;1;3;1;0
8000000;7.3;4649;Jules Dassin;NaN;1;1;1;1;8000000
-1;6.9;1302;John Wayne;NaN;1;1;1;1;0
-1;7.0;10484;Roger Corman;NaN;2;0;1;1;0
-1;8.1;23425;Ingmar Bergman;NaN;4;4;1;1;0
-1;;;;NaN;0;0;0;0;0
-1;8.2;620;Rogelio A. González;NaN;0;0;0;0;0
-1;6.4;27;Giorgio Bianchi;NaN;0;0;0;0;0
-1;7.9;8007;Vittorio De Sica;NaN;10;10;1;1;0
-1;7.8;11716;René Clément;NaN;0;0;0;0;0
5689800;7.6;32683;George Pal;NaN;2;1;1;1;5689800
-1;7.9;677;Fatin Abdulwahhab;NaN;0;0;0;0;0
-1;6.7;2243;Mark Robson;NaN;0;2;1;1;0
-1;6.9;232;Sergio Corbucci;NaN;0;0;0;0;0
-1;7.6;6765;Karel Reisz;NaN;7;7;3;1;0
-1;6.5;109;;NaN;0;0;0;0;0
-1;7.1;506;Nagisa Ôshima;NaN;0;0;0;0;0
-1;7.4;8028;David Swift;NaN;2;1;1;1;0
-1;7.1;194;Richard Quine;NaN;0;4;1;1;0
-1;6.5;115;Finn Henriksen;NaN;0;0;0;0;0
-1;6.4;5108;Daniel Mann;NaN;0;6;1;1;0
-1;7.1;483;Janusz Morgenstern;NaN;0;0;0;0;0
-1;7.3;1148;Jack Cardiff;NaN;7;7;1;1;0
-1;7.1;695;Ken Hughes;NaN;3;3;1;1;0
-1;6.3;638;Frank Launder;NaN;0;0;0;0;0
-1;4.5;556;Harvey Berman;NaN;0;0;0;0;0
215880014;7.2;136211;;3913;0;2;1;1;215880014
-1;7.6;86848;;1049;18;18;10;1;0
-1;7.6;41663;J. Lee Thompson;NaN;3;3;1;1;0
10000000;8.2;6106;Stanley Kramer;NaN;14;14;2;1;10000000
14000000;7.7;150173;Blake Edwards;1683;10;10;2;1;14000000
-1;8.0;70169;Robert Rossen;NaN;1;1;2;1;0
-1;7.1;11132;Roger Corman;NaN;0;0;0;0;0
-1;8.4;169;Ismael Rodríguez;NaN;0;0;0;1;0
-1;4.8;267;Gene Deitch;NaN;0;0;0;0;0
-1;8.2;10087;Pietro Germi;NaN;11;11;1;1;0
-1;8.1;19655;Ingmar Bergman;NaN;6;1;1;1;0
-1;6.1;103;Lance Comfort;NaN;0;0;0;0;0
-1;7.8;15992;Elia Kazan;NaN;1;2;1;1;0
-1;8.1;6203;Daniel Petrie;NaN;4;2;0;1;0
-1;7.2;4071;Val Guest;NaN;0;0;1;1;0
-1;7.4;1082;Don Chaffey;NaN;0;0;0;0;0
-1;7.1;2819;Robert Mulligan;NaN;0;0;1;1;0
-1;7.2;15;Kazuo Ikehiro;NaN;0;0;0;0;0
-1;7.5;376;Philip Leacock;NaN;1;1;1;1;0
-1;7.2;47;Hilary Harris;NaN;1;1;1;1;0
-1;6.9;632;George Seaton;NaN;1;1;0;1;0
-1;7.6;4148;Tony Richardson;NaN;1;3;1;1;0
-1;7.5;145;Guy Debord;NaN;0;0;0;0;0
-1;7.1;467;Ralph Thomas;NaN;0;0;1;1;0
-1;6.1;404;Helmut Weiss;NaN;0;0;0;0;0
-1;6.8;799;David Miller;NaN;0;0;0;0;0
-1;6.9;233;Robert McKimson;NaN;0;0;0;0;0
77324144;8.3;239017;David Lean;1671;3;3;7;1;77324144
59600000;7.3;1334;Terence Young;1387;3;3;1;1;59600000
50100000;7.8;48636;;NaN;3;3;2;1;50100000
50000000;7.1;16814;;NaN;3;3;3;1;50000000
-1;8.3;268691;Robert Mulligan;1257;3;3;3;1;0
-1;7.6;81964;Stanley Kubrick;NaN;3;3;0;1;0
-1;7.7;14692;Morton DaCosta;NaN;3;3;1;1;0
-1;8.1;14415;Arthur Penn;NaN;3;3;2;1;0
-1;8.9;94;Joe Hamilton;NaN;2;1;2;1;0
-1;6.5;61;Lance Comfort;NaN;0;0;0;0;0
-1;6.9;747;Robert Asher;NaN;0;0;0;0;0
9000000;8.1;44675;Robert Aldrich;NaN;0;1;1;1;9000000
-1;7.0;149;Mauro Bolognini;NaN;3;1;0;0;0
-1;7.8;25;Serge Bourguignon;NaN;2;1;1;1;0
-1;8.2;3451;Robert Enrico;NaN;1;4;1;1;0
-1;6.9;218;Pat Jackson;NaN;0;0;0;0;0
-1;7.9;10354;Blake Edwards;NaN;9;9;1;1;0
-1;6.7;54;Erik Balling;NaN;3;1;0;0;0
-1;7.7;697;Tony Richardson;NaN;3;1;1;1;0
-1;7.8;1763;Hiroshi Inagaki;NaN;0;0;0;0;0
-1;7.3;514;;NaN;1;1;1;1;0
-1;7.2;16;Winfried Junge;NaN;0;0;0;0;0
-1;7.2;182;Harold Lloyd (uncredited);NaN;0;0;0;0;0
-1;7.0;377;;NaN;0;0;0;0;0
-1;7.4;6059;Richard Brooks;NaN;2;2;1;1;0
-1;5.8;157;Michael Truman;NaN;0;0;0;0;0
-1;6.4;1317;;NaN;0;1;1;1;0
4000000;6.3;1188;Charles Walters;NaN;0;8;0;1;4000000
-1;7.2;192;Pierre-Dominique Gaisseau;NaN;0;0;1;1;0
-1;8.4;1323;Abrar Alvi;NaN;4;5;0;0;0
71777778;7.0;2622;Joseph L. Mankiewicz;3268;4;5;4;1;71777778
60000000;7.6;34415;Stanley Kramer;NaN;4;5;1;1;60000000
50000000;6.6;10315;Tony Richardson;NaN;4;5;4;1;50000000
-1;7.9;17322;Martin Ritt;NaN;4;5;3;1;0
-1;6.8;13;Stephen Dwoskin;NaN;0;0;0;0;0
-1;8.1;9869;Federico Fellini;NaN;3;1;2;1;0
-1;8.4;167;Günter Gräwert;NaN;0;0;0;0;0
-1;6.6;85;Bruce Baillie;NaN;0;0;0;0;0
-1;7.3;6512;Vittorio De Sica;NaN;7;7;1;1;0
-1;7.7;2083;Francesco Rosi;NaN;2;5;0;0;0
-1;7.9;7916;Joseph Losey;NaN;2;5;3;1;0
-1;7.4;15082;Billy Wilder;NaN;1;1;1;1;0
-1;7.6;272;James Neilson;NaN;0;0;0;0;0
-1;7.6;79;Ralph Nelson;NaN;1;1;1;1;0
-1;7.2;8923;Mario Bava;NaN;2;1;0;0;0
-1;7.0;801;Ernest Pintoff;NaN;2;0;1;1;0
-1;7.4;2436;Henri Verneuil;NaN;1;1;1;1;0
-1;6.2;58;Venyamin Dorman;NaN;0;0;0;0;0
-1;7.7;256;Francisco Rovira Beleta (as Rovira Beleta);NaN;2;1;0;1;0
-1;6.5;147;Gian Luigi Polidoro;NaN;0;0;1;1;0
-1;5.0;97;Chano Urueta;NaN;0;0;0;0;0
-1;6.8;3747;Mark Robson;NaN;0;0;1;1;0
-1;6.2;142;;NaN;0;0;0;0;0
-1;6.6;272;Antony Balch;NaN;0;0;0;0;0
-1;7.8;4303;Elia Kazan;NaN;6;6;1;1;0
-1;6.9;2857;Mario Bava (as John M. Old);NaN;0;0;0;0;0
124900000;7.7;157765;Guy Hamilton;372;4;4;1;1;124900000
115272727;7.8;140445;Robert Stevenson;107;15;15;5;1;115272727
-1;7.9;79142;George Cukor;2147;17;17;8;1;0
12000000;7.8;9765;John Huston;NaN;1;2;1;1;12000000
-1;5.8;38;Knud Leif Thomsen;NaN;1;1;0;0;0
-1;;;Marcello Giannini;NaN;0;0;0;0;0
-1;6.1;22;Kôji Wakamatsu;NaN;0;0;0;0;0
-1;6.9;75;Sidney Hayers;NaN;0;0;0;0;0
-1;8.1;1078;Michael Roemer;NaN;4;1;0;0;0
23500000;7.7;18535;Michael Cacoyannis;NaN;7;3;3;1;23500000
-1;8.0;12571;Peter Glenville;NaN;13;13;1;1;0
-1;6.5;17;Nobuhiko Ôbayashi;NaN;0;0;0;0;0
-1;7.4;8695;Ralph Nelson;NaN;0;1;1;1;0
-1;7.1;1183;John Guillermin;NaN;0;1;1;1;0
-1;6.4;526;Robert Stevenson;NaN;0;0;0;0;0
-1;7.1;5914;Don Siegel (as Donald Siegel);NaN;0;0;1;1;0
-1;7.3;55;;NaN;0;0;1;1;0
-1;6.0;15;Lauro Venturi;NaN;0;0;0;0;0
-1;6.6;81;Michel Deville;NaN;0;0;0;0;0
-1;5.9;1361;Joshua Logan;NaN;0;0;0;0;0
-1;7.1;879;Desmond Davis;NaN;2;2;1;1;0
-1;7.1;7519;Jules Dassin;NaN;3;3;1;1;0
-1;6.9;27;Masahiro Makino;NaN;0;0;0;0;0
-1;6.8;1559;Jean Girault;NaN;0;0;0;0;0
286214286;8.0;181032;Robert Wise;633;12;12;5;1;286214286
77600000;7.0;94757;Terence Young;1999;4;4;1;1;77600000
-1;8.0;64018;David Lean;2350;16;16;5;1;0
-1;7.3;14655;Blake Edwards;NaN;2;2;1;1;0
-1;6.9;12192;Elliot Silverstein;NaN;9;9;1;1;0
-1;8.0;6462;Guy Green;NaN;3;3;1;1;0
-1;;;;NaN;0;0;0;0;0
-1;;;;NaN;0;0;0;0;0
-1;7.2;52;;NaN;0;0;0;0;0
-1;6.6;8;Stan Brakhage;NaN;0;0;0;0;0
-1;8.1;7096;;NaN;4;2;1;1;0
-1;7.2;226;Yuri Ilyenko;NaN;0;0;0;0;0
-1;7.9;10946;Sidney Lumet;NaN;2;1;1;1;0
-1;8.4;27899;Bill Melendez;NaN;2;1;1;1;0
-1;8.1;5654;Peter Watkins;NaN;4;0;1;1;0
-1;6.7;85;Storm De Hirsch;NaN;0;0;0;0;0
-1;7.6;1235;;NaN;6;2;1;1;0
-1;7.4;492;Guy Hamilton (uncredited);NaN;0;0;0;0;0
-1;7.5;2962;Fred Coe;NaN;3;3;1;1;0
-1;7.3;12411;Sidney J. Furie;NaN;2;2;3;1;0
-1;6.0;5;Libero Luxardo;NaN;0;0;0;0;0
-1;5.2;55;Kurt Kren;NaN;0;0;0;0;0
-1;6.6;157;Anthony Simmons;NaN;0;0;1;1;0
-1;6.7;130;Jeremy Summers;NaN;0;0;0;0;0
12000000;7.2;5191;John Schlesinger;NaN;15;15;3;1;12000000
-1;;;Gennadiy Kravtsov;NaN;0;0;0;0;0
-1;6.7;2044;Harald Reinl;NaN;2;1;0;0;0
30520000;6.3;2585;Vincente Minnelli;NaN;2;2;1;1;30520000
40000000;8.0;63486;Mike Nichols;NaN;17;17;5;1;40000000
-1;7.8;27954;Fred Zinnemann;NaN;27;27;6;1;0
-1;6.8;15606;Richard Fleischer;NaN;2;2;2;1;0
-1;7.9;15065;Robert Bresson;NaN;5;2;0;0;0
-1;7.6;211;Paul Bogart;NaN;0;0;0;0;0
-1;7.9;7;Eric M. Nilsson;NaN;0;0;0;0;0
-1;6.5;73;Bruce Baillie;NaN;0;0;0;0;0
-1;7.6;21955;William Wyler;NaN;0;0;0;0;0
-1;7.9;5415;Sergey Bondarchuk;NaN;4;4;1;1;0
-1;7.7;10014;Jirí Menzel;NaN;6;1;1;1;0
-1;7.8;554;Karel Kachyna;NaN;0;0;0;0;0
6800000;7.4;11222;Billy Wilder;NaN;4;4;1;1;6800000
-1;7.4;916;Tony Richardson;NaN;0;2;1;1;0
-1;7.6;8375;Claude Lelouch;NaN;11;11;2;1;0
-1;6.4;373;Annelise Reenberg;NaN;0;0;0;0;0
-1;5.0;123;Kostas Karagiannis;NaN;0;0;0;0;0
-1;;;;NaN;0;0;0;0;0
-1;5.8;58;Mario Maffei;NaN;0;0;0;0;0
-1;7.3;5423;;NaN;3;3;2;1;0
-1;7.1;5855;John Guillermin;NaN;0;5;1;1;0
-1;7.2;7074;John Frankenheimer;NaN;0;4;3;1;0
-1;6.8;1307;Bernard Borderie;NaN;0;0;0;0;0
-1;7.2;124;A.C. Trilogchander;NaN;0;0;0;0;0
114945305;8.0;236379;Mike Nichols;1108;20;20;1;1;114945305
70000000;7.8;34833;Stanley Kramer;4311;9;9;2;1;70000000
70000000;7.9;93107;Arthur Penn;150;20;20;2;1;70000000
50000000;6.0;6544;Mark Robson;4738;0;4;0;1;50000000
-1;7.8;61281;Robert Aldrich;2439;3;3;1;1;0
-1;8.0;59786;Norman Jewison;3085;17;17;5;1;0
16217773;8.1;1472;Stuart Rosenberg;1369;3;3;1;1;16217773
-1;6.2;7529;Richard Fleischer;NaN;4;4;2;1;0
-1;6.3;36;Gilberto Martínez Solares;NaN;0;0;0;0;0
-1;7.6;159;Jirí Krejcík (as Krejcík);NaN;0;0;0;0;0
-1;7.8;5;Stan Brakhage;NaN;0;0;0;0;0
-1;6.5;518;Giannis Dalianidis;NaN;0;0;0;0;0
-1;5.8;190;Orestis Laskos;NaN;0;0;0;0;0
-1;7.7;46027;Mel Brooks;NaN;2;2;1;1;0
-1;6.2;259;Abe Levitow;NaN;0;0;0;0;0
40000000;7.0;5377;George Roy Hill;NaN;4;4;1;1;40000000
-1;7.1;313;Hideo Gosha;NaN;0;0;0;0;0
-1;7.4;17;Haro Senft;NaN;0;0;0;0;0
-1;7.0;61;Kurt Hoffmann;NaN;1;1;0;0;0
-1;7.7;74;Christopher Chapman;NaN;1;1;1;1;0
-1;7.2;216;;NaN;0;0;0;0;0
-1;7.1;405;Costa-Gavras;NaN;0;0;0;0;0
-1;7.0;1441;Louis Malle;NaN;0;0;0;0;0
-1;6.5;537;Albert Finney;NaN;0;0;1;1;0
190700000;8.3;535412;Stanley Kubrick;487;14;14;1;1;190700000
-1;7.6;1651;William Wyler;NaN;7;7;1;1;0
-1;7.5;54876;Peter Yates;3449;6;6;1;1;0
-1;7.6;26981;Franco Zeffirelli;NaN;14;14;2;1;0
40000000;7.5;31172;Carol Reed;NaN;7;7;5;1;40000000
-1;8.0;168149;Roman Polanski;1452;9;9;1;1;0
-1;7.1;5728;Ralph Nelson;NaN;3;3;1;1;0
-1;;;;NaN;0;0;0;0;0
-1;6.1;10;Kwon-taek Im;NaN;0;0;0;0;0
-1;5.6;33;Eddie Romero;NaN;0;0;0;0;0
-1;;;;NaN;0;0;0;0;0
-1;6.2;621;Giannis Dalianidis;NaN;0;0;0;0;0
-1;8.2;179;Robert Scheerer;NaN;0;0;1;1;0
-1;8.1;26733;Anthony Harvey;NaN;12;12;3;1;0
-1;7.8;5007;Kaneto Shindô;NaN;2;0;0;0;0
-1;7.6;1531;Frederick Wiseman;NaN;0;0;0;0;0
-1;6.4;65;Anatoliy Petrov;NaN;0;0;0;0;0
-1;6.6;62;Anthony Page;NaN;0;0;0;0;0
-1;7.1;1147;Ulu Grosbard;NaN;0;1;1;1;0
-1;7.8;94;Peter Lennon;NaN;0;0;0;0;0
-1;7.0;20154;Norman Jewison;4439;0;1;1;1;0
-1;7.1;519;Philippe Garrel (uncredited);NaN;0;0;0;0;0
-1;6.3;312;Mario Lanfranchi;NaN;0;0;0;0;0
-1;8.1;185658;George Roy Hill;1598;16;16;4;1;0
-1;7.9;89531;John Schlesinger;2130;24;24;3;1;0
-1;7.2;11974;Gene Kelly;NaN;0;1;3;1;0
-1;7.5;38547;Henry Hathaway;NaN;5;5;1;1;0
-1;8.2;21115;Costa-Gavras;NaN;4;1;2;1;0
-1;;;;NaN;0;0;0;0;0
-1;6.5;19;Susumu Hani;NaN;0;0;0;0;0
-1;4.3;6;Oswaldo de Oliveira;NaN;0;0;0;0;0
-1;6.0;7;Aleksandr Faintsimmer;NaN;0;0;0;0;0
-1;8.0;525;Roman Davydov (as R. Davydov);NaN;0;0;0;0;0
-1;7.9;14519;Sydney Pollack;NaN;9;9;1;1;0
-1;8.8;1759;Satyajit Ray;NaN;1;1;0;0;0
-1;7.4;3288;Haskell Wexler;NaN;2;4;0;0;0
-1;7.9;16299;Ken Loach (as Kenneth Loach);NaN;2;1;2;1;0
-1;6.8;740;Fred Coe;NaN;0;4;1;1;0
-1;7.2;8012;Gene Saks;NaN;2;2;1;1;0
-1;7.3;2674;Yasuzô Masumura;NaN;0;0;0;0;0
-1;7.5;28;Pino Zac;NaN;0;0;0;0;0
-1;8.2;6;Philipe Bordier;NaN;0;0;0;0;0
-1;6.9;28;Bob Curtis;NaN;1;1;1;1;0
-1;6.4;512;Irving Lerner;NaN;0;0;0;0;0
-1;6.4;267;Dino Risi;NaN;1;1;0;0;0
-1;7.5;6118;Charles Jarrott;NaN;5;5;1;1;0
136400000;6.9;26874;Arthur Hiller;3211;1;1;1;1;136400000
-1;6.6;15777;;NaN;1;1;1;1;0
-1;8.0;87465;Franklin J. Schaffner;4764;1;1;7;1;0
-1;7.6;6295;Robert Altman;1864;1;1;1;1;0
-1;8.1;14533;Michael Wadleigh;NaN;3;1;1;1;0
-1;7.5;28979;;NaN;3;1;1;1;0
-1;6.1;38589;Ted Post;NaN;0;0;0;0;0
-1;7.3;7353;Sergey Bondarchuk (as Sergei Bondarchuk);NaN;1;1;2;1;0
-1;6.3;91;David Winters;NaN;0;0;0;0;0
-1;7.0;24;Aleksandr Kurochkin;NaN;0;0;0;0;0
-1;8.1;746;Elio Petri;NaN;15;15;1;1;0
-1;6.5;19;Ramón Masats;NaN;0;0;0;0;0
-1;6.5;81;Salvatore Samperi;NaN;0;0;0;0;0
-1;7.8;4899;Michael Lindsay-Hogg;NaN;0;0;1;1;0
-1;8.4;5897;Sergiu Nicolaescu;NaN;0;0;0;0;0
-1;7.2;294;;NaN;0;0;0;0;0
-1;7.5;7781;David Lean;NaN;7;7;2;1;0
-1;7.5;210;Arunas Zebriunas;NaN;0;0;0;0;0
-1;4.7;6;Shih Ling Wen;NaN;0;0;0;0;0
-1;6.9;80;Yôji Yamada;NaN;4;0;0;0;0
-1;7.7;3612;William Friedkin;NaN;0;2;0;1;0
-1;7.5;5404;Vittorio De Sica;NaN;4;1;1;1;0
-1;6.0;397;Alekos Sakellarios;NaN;0;0;0;0;0
-1;6.9;131;Vitaliy Melnikov;NaN;0;0;0;0;0
-1;6.2;174;James R. Rokos;NaN;0;0;1;1;0
-1;8.0;34816;Norman Jewison;2613;6;6;3;1;0
-1;7.8;98628;William Friedkin;3395;18;18;5;1;0
-1;8.1;37437;Peter Bogdanovich;3096;1;4;2;1;0
-1;7.1;30872;Robert Stevenson;3757;1;4;1;1;0
12512637;7.2;18901;Alan J. Pakula;NaN;1;4;1;1;12512637
-1;6.6;14301;Gordon Parks;NaN;4;4;1;1;0
-1;6.9;11;Jens Ravn;NaN;0;0;0;0;0
-1;8.9;93;Michael Rothery;NaN;0;0;0;0;0
-1;5.5;146;Alekos Sakellarios;NaN;0;0;0;0;0
-1;;;;NaN;0;0;0;0;0
-1;6.5;109;Giannis Dalianidis;NaN;0;0;0;0;0
-1;6.3;160;Barney Platts-Mills;NaN;1;1;0;0;0
-1;6.6;73;Tomu Uchida;NaN;0;0;0;0;0
-1;7.0;2411;Anthony Harvey;NaN;0;0;0;0;0
-1;7.3;397;Franklin J. Schaffner;NaN;3;5;2;1;0
-1;;;;NaN;0;0;0;0;0
-1;8.2;64;Axel Corti;NaN;0;0;0;0;0
-1;7.2;236;Kihachi Okamoto;NaN;0;0;0;0;0
-1;7.5;11398;Roman Polanski;NaN;6;1;1;1;0
-1;6.6;365;Ralph Nelson;NaN;0;0;0;0;0
-1;7.4;646;;NaN;2;0;1;1;0
245066411;9.2;;Francis Ford Coppola;88;1;1;3;1;245066411
-1;7.1;37545;Ronald Neame;4289;4;4;1;1;0
-1;6.3;1025;Eloy de la Iglesia;NaN;0;0;0;0;0
-1;;;;NaN;0;0;0;0;0
-1;6.4;25;Curt McDowell;NaN;0;0;0;0;0
-1;7.0;59;;NaN;0;0;0;0;0
-1;7.0;117;Giuliano Cenci;NaN;0;0;0;0;0
-1;8.2;580;Paul Bogart;NaN;0;0;1;1;0
-1;8.1;25512;Ingmar Bergman;NaN;21;21;1;1;0
-1;7.6;1319;;NaN;0;0;1;1;0
-1;7.2;569;Ettore Scola;NaN;0;0;0;0;0
-1;7.9;33279;Luis Buñuel (as Luis Bunuel);NaN;4;3;1;1;0
-1;7.2;4186;Milton Katselas;NaN;0;1;1;1;0
-1;7.8;42961;Bob Fosse;3330;27;27;8;1;0
-1;6.6;176;Jeannot Szwarc;NaN;0;0;1;1;0
-1;7.0;91;Vittorio De Sica;NaN;0;0;0;0;0
-1;7.9;325;Lamont Johnson;NaN;3;3;1;1;0
-1;8.3;1178;;NaN;0;0;0;0;0
-1;7.9;3719;Costa-Gavras;NaN;2;2;0;1;0
-1;7.8;23;Arthur Davis (as Art Davis);NaN;0;0;0;0;0
-1;5.6;29;Malcolm le Grice;NaN;0;0;0;0;0
-1;7.2;74;Khodzha Kuli Narliyev;NaN;0;0;0;0;0
-1;7.1;887;Michael Ritchie;NaN;2;0;1;1;0
-1;8.0;329279;William Friedkin;656;14;14;2;1;0
-1;8.3;216942;George Roy Hill;1856;11;11;7;1;0
-1;7.1;19946;Sydney Pollack;NaN;5;5;2;1;0
-1;7.6;44701;Clint Eastwood;1621;0;0;0;0;0
-1;8.0;17706;François Truffaut;NaN;11;11;1;1;0
-1;;;Philip Abbott;NaN;0;0;0;0;0
-1;5.0;25;Alfred Weidenmann;NaN;0;0;0;0;0
-1;7.5;70;Jordan Belson;NaN;0;0;0;0;0
-1;6.5;107;Mihály Szemes;NaN;0;0;0;0;0
-1;5.6;282;Ta Huang (as Tak Choy);NaN;0;0;0;0;0
-1;8.1;37734;Peter Bogdanovich;4909;2;1;1;1;0
-1;7.9;35268;Federico Fellini;NaN;1;1;1;1;0
-1;7.5;979;Anthony Harvey;NaN;0;3;4;1;0
-1;7.6;187;Dwight Hemion;NaN;2;2;5;1;0
-1;5.5;166;Lung Chien (as Lung Kin);NaN;0;0;0;0;0
-1;5.4;136;Giannis Dalianidis;NaN;0;0;0;0;0
-1;7.7;7559;;NaN;0;0;1;1;0
-1;7.5;9598;Don Siegel;NaN;0;0;1;1;0
-1;7.0;494;Teruo Ishii;NaN;0;0;0;0;0
-1;7.3;42472;Nicolas Roeg;NaN;0;8;1;1;0
-1;6.8;29;;NaN;0;0;0;0;0
-1;7.1;95;Chris Marker;NaN;0;0;0;0;0
-1;6.8;92;Joël Séria;NaN;0;0;0;0;0
-1;7.3;14159;Richard Lester;NaN;1;2;1;1;0
-1;6.9;4152;John G. Avildsen;NaN;0;1;1;1;0
-1;7.2;6593;James Bridges;NaN;2;2;1;1;0
139700000;6.9;35477;John Guillermin;3427;1;1;3;1;139700000
-1;9.0;986359;Francis Ford Coppola;314;1;1;6;1;0
97600000;6.8;85915;Guy Hamilton;726;2;1;0;0;97600000
-1;5.9;12388;Mark Robson;NaN;2;1;1;1;0
30000000;8.2;263577;Roman Polanski;892;1;1;1;1;30000000
-1;7.3;49274;Sidney Lumet;2508;1;1;1;1;0
-1;6.4;21904;Jack Clayton;3130;1;1;2;1;0
-1;8.3;4877;Peter Davis;NaN;4;0;1;1;0
-1;6.3;46;Joseph W. Sarno (as Joe Sarno);NaN;0;0;0;0;0
-1;8.2;96;John Rich;NaN;0;3;1;1;0
-1;8.1;291;Siddalingaiah;NaN;0;0;0;0;0
-1;8.2;34;Nick Vanoff;NaN;0;0;1;1;0
-1;6.9;44;Ramaz Sharabidze;NaN;0;0;0;0;0
-1;7.0;56;Omar Amiralay;NaN;0;0;0;0;0
-1;8.0;116;;NaN;3;3;1;1;0
-1;8.4;8016;Ertem Egilmez;NaN;0;0;0;0;0
-1;8.3;3396;Jamie Uys;NaN;5;3;1;1;0
-1;7.1;40;Édouard Molinaro;NaN;0;0;0;0;0
-1;8.3;873;Anthony Page;NaN;1;1;1;1;0
-1;7.6;1293;Bob Fosse;NaN;4;3;0;1;0
-1;7.9;6841;;NaN;0;0;0;0;0
-1;7.7;823;Lamont Johnson;NaN;7;1;2;1;0
-1;6.9;23;Michel Soutter;NaN;0;0;0;0;0
-1;7.3;173;Dinara Asanova;NaN;0;0;0;0;0
-1;7.1;45;;NaN;0;0;1;1;0
-1;7.3;164;Jørgen Leth;NaN;0;0;0;0;0
6329000;5.8;44;William Byron Hillman (as William B. Hillman);NaN;0;0;0;0;6329000
470653000;8.0;505281;Steven Spielberg;585;11;11;3;1;470653000
-1;8.7;82174;Milos Forman;446;3;4;5;1;0
-1;8.0;216455;Sidney Lumet;1835;3;4;1;1;0
-1;6.6;20267;Norman Jewison;NaN;3;4;1;1;0
31500000;8.1;13082;Stanley Kubrick;NaN;1;1;4;1;31500000
-1;6.7;99;Eloy de la Iglesia;NaN;0;0;0;0;0
6953633;7.6;30085;Peter Weir;NaN;1;1;1;1;6953633
-1;7.0;41;Inessa Kovalevskaya;NaN;0;0;0;0;0
-1;7.8;91;Lamont Johnson;NaN;0;5;1;1;0
-1;8.5;119;John Gorrie;NaN;0;0;0;0;0
-1;8.3;20993;Akira Kurosawa (as Akira Kurosava);NaN;6;4;1;1;0
-1;8.0;23;Bapu;NaN;0;0;0;0;0
-1;7.8;68;Ian Fordyce;NaN;0;0;0;0;0
-1;7.1;597;Joseph Sargent;NaN;0;3;1;1;0
-1;6.7;345;Fernando Arrabal;NaN;0;0;0;0;0
-1;6.6;452;Fernando Di Leo;NaN;0;0;0;0;0
-1;7.8;20862;Robert Altman;NaN;22;22;1;1;0
-1;6.4;198;Mario Caiano;NaN;0;0;0;0;0
-1;;;;NaN;0;0;0;0;0
-1;7.5;289;Sam O'Steen;NaN;1;1;2;1;0
-1;7.9;19;Robin Lehman;NaN;0;0;1;1;0
-1;7.1;245;Bob Godfrey;NaN;0;0;1;1;0
-1;;;Anatoliy Solin;NaN;0;0;0;0;0
-1;7.4;45;Fernando Cortés;NaN;0;0;0;0;0
-1;7.2;5057;Herbert Ross;NaN;5;5;1;1;0
-1;7.1;214;Ilya Averbakh;NaN;0;0;0;0;0
225000000;8.1;467826;John G. Avildsen;539;17;17;3;1;225000000
88870102;6.4;8397;Frank Pierson;765;6;6;1;1;88870102
-1;8.0;91113;Alan J. Pakula;1875;13;13;4;1;0
-1;7.6;96837;Richard Donner;3204;3;3;1;1;0
-1;5.7;3666;Bob Rafelson;NaN;0;0;1;1;0
-1;8.1;129894;Sidney Lumet;2555;16;16;4;1;0
-1;5.4;876;George Cukor;NaN;0;0;0;0;0
-1;5.2;160;Gilbert Cates;NaN;0;0;0;0;0
-1;7.8;295;Jonas Mekas;NaN;0;0;0;0;0
-1;7.1;21;Teo Hernandez (as Téo Hernandez);NaN;0;0;0;0;0
-1;6.1;158;;NaN;0;2;2;1;0
-1;5.1;445;Sidney J. Furie;NaN;0;0;0;0;0
-1;8.3;4214;Barbara Kopple;NaN;2;1;1;1;0
-1;7.0;158;Gérard Blain;NaN;0;0;0;0;0
-1;5.7;638;Ralph De Vito;NaN;0;0;0;0;0
-1;7.3;4282;Hal Ashby;NaN;4;4;2;1;0
-1;6.5;384;Sergio Sollima;NaN;0;0;0;0;0
-1;7.1;6165;Federico Fellini;NaN;2;1;1;1;0
-1;8.0;10;Yûji Makiguchi;NaN;0;0;0;0;0
-1;7.2;148;Osman F. Seden;NaN;0;0;0;0;0
-1;7.2;21;Robin Lehman;NaN;0;0;1;1;0
-1;7.8;580;Arvo Kruusement;NaN;0;0;0;0;0
-1;7.2;875;Henri Safran;NaN;3;6;0;0;0
775398007;8.6;;George Lucas;467;52;52;6;1;775398007
303788635;7.7;166005;Steven Spielberg;2328;14;14;1;1;303788635
-1;7.4;11309;Herbert Ross;NaN;9;9;1;1;0
-1;7.4;46854;Richard Attenborough;NaN;4;4;3;1;0
-1;8.0;235151;Woody Allen;2388;26;26;4;1;0
25000000;6.4;26555;Wes Craven;NaN;1;1;0;0;25000000
-1;5.6;11;Knut Andersen;NaN;0;0;0;0;0
-1;8.3;67;Dwight Hemion;NaN;0;0;2;1;0
-1;7.8;143;;NaN;0;0;0;0;0
-1;7.9;185;George Schaefer;NaN;7;11;1;1;0
-1;7.1;67;Kaneto Shindô;NaN;0;8;0;0;0
-1;7.8;23;David Giles;NaN;0;0;0;0;0
-1;8.1;247;Daniel Petrie;NaN;1;6;7;1;0
-1;6.1;56;Masaru Konuma;NaN;0;0;0;0;0
-1;6.6;952;Anthony Page;NaN;7;2;0;1;0
-1;7.3;922;Moshé Mizrahi;NaN;4;4;1;1;0
-1;7.1;316;Pasquale Squitieri;NaN;2;0;0;0;0
-1;7.4;16321;Nobuhiko Ôbayashi;NaN;0;0;0;0;0
-1;7.1;64;Rolan Bykov;NaN;0;0;0;0;0
-1;5.9;42;Mario Bianchi;NaN;0;0;0;0;0
-1;8.0;547;Randal Kleiser;NaN;0;4;1;1;0
-1;7.4;165;John Korty;NaN;3;0;1;1;0
-1;7.2;176;Román Chalbaud;NaN;0;0;0;0;0
-1;7.8;2007;Claude Goretta;NaN;11;2;1;1;0
-1;7.3;8012;Fred Zinnemann;NaN;18;18;3;1;0
-1;7.6;104397;John Landis;293;2;1;0;0;0
-1;8.1;28206;Michael Cimino;913;2;2;5;1;0
-1;7.6;64957;Alan Parker;2788;1;1;2;1;0
-1;7.3;24612;John Guillermin;NaN;4;4;1;1;0
-1;7.3;745;Steve Rash;NaN;2;2;1;1;0
-1;6.8;494;Eloy de la Iglesia;NaN;1;1;0;0;0
-1;6.2;44;Hisayuki Toriumi;NaN;1;2;0;0;0
-1;8.3;559;J. Mahendran;NaN;3;0;0;0;0
-1;6.2;51;John Mackenzie;NaN;0;0;0;0;0
-1;7.9;72;S.R. Puttana Kanagal;NaN;0;0;0;0;0
-1;8.0;230;Abdullah Al Mamun;NaN;0;0;0;0;0
-1;7.9;45318;Terrence Malick;3348;12;12;1;1;0
-1;7.8;12785;Chia-Liang Liu;NaN;0;0;0;0;0
-1;8.6;706;Jon Stone;NaN;5;2;1;1;0
-1;8.0;4603;Ermanno Olmi;NaN;18;1;0;0;0
-1;7.3;11126;Hal Ashby;NaN;11;11;3;1;0
-1;7.0;1017;;NaN;0;0;0;0;0
-1;;;Robin Lehman;NaN;0;0;0;0;0
-1;7.7;124;Ron Maxwell (as Ronald F. Maxwell);NaN;0;2;1;1;0
-1;6.7;43;Sally Cruikshank;NaN;0;0;0;0;0
-1;7.5;40;Taylor Hackford;NaN;4;2;1;1;0
-1;8.3;93;;NaN;0;0;0;0;0
-1;7.8;117355;Robert Benton;2701;2;2;5;1;0
203630630;8.5;705068;Ridley Scott;317;2;2;1;1;203630630
-1;8.5;541971;Francis Ford Coppola (as Francis Coppola);255;4;7;2;1;0
-1;7.8;23803;Bob Fosse;2404;6;6;4;1;0
-1;8.0;59996;Hal Ashby;4295;12;12;1;1;0
-1;7.4;9018;Philip Kaufman;NaN;0;0;0;0;0
-1;7.4;9285;Martin Ritt;NaN;10;10;2;1;0
-1;7.7;19919;Peter Yates;4395;10;10;1;1;0
-1;5.6;24;Paolo Poeti;NaN;0;0;0;0;0
-1;4.1;176;Bruce Li (as Ho Chung Tao);NaN;0;0;0;0;0
-1;8.1;839;Neil Young;NaN;0;0;0;0;0
-1;8.5;58;;NaN;0;0;0;0;0
-1;7.5;171;Karel Kachyna;NaN;0;0;0;0;0
-1;6.8;369;Bruce Bilson;NaN;0;3;1;1;0
-1;8.5;2759;Mark Zakharov;NaN;0;0;0;0;0
-1;6.9;109;John Lamb;NaN;0;0;0;0;0
-1;7.5;4726;George Roy Hill;NaN;4;4;1;1;0
-1;8.6;1533;Hrishikesh Mukherjee;NaN;3;0;0;0;0
-1;7.6;20324;Volker Schlöndorff;NaN;16;16;1;1;0
-1;7.1;18;Vladimir Lyubomudrov;NaN;0;0;0;0;0
-1;5.7;33;Yao-Hua Hsi-Men;NaN;0;0;0;0;0
-1;6.0;70;Bruce Le;NaN;0;0;0;0;0
247916602;8.7;;Irvin Kershner;1029;1;1;1;1;247916602
-1;7.5;15099;Michael Apted;4758;1;1;1;1;0
-1;7.3;9577;Harold Ramis;723;0;0;0;0;0
-1;8.2;284738;Martin Scorsese;1284;22;22;2;1;0
-1;6.6;18529;Alan Parker;4847;1;2;2;1;0
-1;6.3;1167;Walter Bernstein;NaN;0;0;0;0;0
-1;8.1;9964;Vladimir Menshov;NaN;2;0;1;1;0
-1;6.2;38;János Zsombolyai;NaN;0;0;0;0;0
-1;;;;NaN;0;0;0;0;0
-1;7.4;201;Michel Ocelot;NaN;0;0;1;1;0
-1;6.2;150;Peter Levin;NaN;0;0;0;0;0
-1;6.7;27;Mohan;NaN;0;0;0;0;0
-1;7.2;623;Franco Rosso;NaN;0;0;0;0;0
-1;7.8;4186;Robert Redford;3536;15;15;4;1;0
-1;8.5;17;Harry Rasky;NaN;0;0;0;0;0
-1;7.4;3554;Jack Gold;NaN;5;1;1;1;0
-1;7.6;1479;Ferenc Rofusz (as Ferenc Rófusz);NaN;5;1;1;1;0
-1;6.6;54;Pao-Shu Kao;NaN;0;0;0;0;0
-1;5.9;7;Jaromír Borek;NaN;0;0;0;0;0
-1;6.7;16;Csaba Varga;NaN;0;0;0;0;0
-1;7.2;35;;NaN;7;10;1;1;0
-1;7.3;21;Ron Ellis;NaN;7;10;1;1;0
-1;7.1;117;Raoul Ruiz;NaN;0;0;0;0;0
389925971;8.5;802549;Steven Spielberg;578;1;1;4;1;389925971
-1;6.9;23853;Steve Gordon;4280;1;1;2;1;0
73482661;8.4;206822;Wolfgang Petersen;1851;1;1;0;1;73482661
-1;7.2;48918;Hugh Hudson;4647;1;2;4;1;0
-1;7.4;1897;Jean-Jacques Annaud;4929;1;2;1;1;0
-1;7.4;18984;Warren Beatty;NaN;2;6;3;1;0
60565292;7.6;80879;John Landis;1911;2;2;1;1;60565292
-1;7.7;25235;Mark Rydell;NaN;4;2;3;1;0
-1;7.4;36823;Brian De Palma;3990;0;2;0;0;0
-1;6.9;18;Helmut Dziuba;NaN;0;0;0;0;0
-1;8.1;8;Stan Brakhage;NaN;0;0;0;0;0
-1;6.7;318;John Llewellyn Moxey;NaN;1;3;0;1;0
-1;6.5;45;Will Vinton;NaN;0;0;0;1;0
-1;7.0;7;Barney Broom;NaN;0;0;0;0;0
-1;7.1;215;Phillip Schuman;NaN;0;0;1;1;0
-1;6.8;61;Michael Snow;NaN;0;0;0;0;0
-1;8.0;644;Anthony Page;NaN;1;1;2;1;0
-1;8.1;97;;NaN;0;0;0;0;0
-1;7.8;2156;Zbigniew Rybczynski;NaN;5;0;1;1;0
-1;7.4;1313;Frédéric Back;NaN;2;1;1;1;0
-1;7.9;1086;Marcell Jankovics;NaN;0;0;0;0;0
-1;7.8;8489;István Szabó;NaN;1;4;1;1;0
-1;7.1;2768;Alexander Grasshoff (as Alex Grasshoff);NaN;2;2;1;1;0
-1;5.9;249;Lindsey C. Vickers;NaN;0;0;0;0;0
-1;;;;NaN;0;0;0;0;0
-1;6.7;45;David Cunliffe;NaN;0;0;0;0;0
792910554;7.9;333978;Steven Spielberg;601;48;48;4;1;792910554
-1;7.4;88709;Sydney Pollack;2967;24;24;1;1;0
-1;7.0;44066;Taylor Hackford;3188;7;7;2;1;0
29286000;6.9;127349;John Milius;1544;3;9;1;1;29286000
127767889;8.1;205781;Richard Attenborough;2670;3;9;8;1;127767889
-1;7.6;36607;Alan J. Pakula;2315;12;12;1;1;0
-1;7.6;17786;Blake Edwards;NaN;10;10;1;1;0
-1;8.0;69907;Alan Parker;3112;1;1;2;1;0
-1;5.6;1268;Elliott Hong;NaN;0;0;0;0;0
-1;7.8;16468;Costa-Gavras;NaN;1;1;1;1;14986793
-1;8.1;51945;Ingmar Bergman;3634;5;1;4;1;0
-1;7.2;17825;Peter Weir;1988;5;1;1;1;0
-1;6.1;7128;Juan Piquer Simón (as J. P. Simon, J.Piquer Simon);NaN;0;0;0;0;0
-1;7.6;9;Stan Brakhage;NaN;0;0;0;0;0
-1;4.6;38;Cláudio Cunha;NaN;0;0;0;0;0
-1;8.7;545;George Schaefer;NaN;2;0;0;1;0
-1;;;Danu Umbara;NaN;0;0;0;0;0
-1;4.8;90;Gary Sherman;NaN;0;0;0;0;0
-1;6.3;26;Fernando Trueba;NaN;0;0;0;0;0
-1;7.8;66511;Martin Scorsese;404;2;2;1;1;0
-1;7.1;78;Rainer Kirberg;NaN;0;0;0;0;0
-1;7.5;474;Marvin J. Chomsky;NaN;2;9;2;1;0
-1;5.3;222;Neville de Almeida;NaN;1;1;0;0;0
-1;8.4;3224;;NaN;4;4;3;1;0
-1;7.7;3976;Clive Donner;NaN;0;2;1;1;0
-1;;;Erik Frohn Nielsen;NaN;0;0;0;0;0
-1;7.6;11;Eiichi Kudô;NaN;1;4;0;0;0
-1;7.1;34;James Scott;NaN;0;2;1;1;0
205900000;6.2;42447;Adrian Lyne;2202;2;3;1;1;205900000
-1;6.7;11288;Barbra Streisand;NaN;1;3;1;1;0
-1;5.2;2853;George Bowers;NaN;0;0;0;0;0
-1;7.9;51735;Philip Kaufman;2937;7;7;4;1;0
-1;6.7;5172;Bob Fosse;NaN;0;1;0;1;0
-1;2.7;13;José Luis Merino;NaN;0;0;0;0;0
-1;7.8;6;Danny L. Zialcita;NaN;0;3;0;0;0
-1;;;;NaN;0;0;0;0;0
-1;8.7;242;Don Mischer;NaN;0;1;1;1;0
-1;8.8;2281;K. Viswanath (as K. Vishwanath);NaN;3;0;0;0;0
-1;7.7;6;Yvan Lagrange;NaN;0;0;0;0;0
-1;6.5;95;Michel Deville;NaN;0;0;0;0;0
-1;7.5;370;Jon Stone;NaN;11;3;1;1;0
-1;7.4;605;Raoul Ruiz;NaN;0;0;0;0;0
-1;7.3;13202;Nagisa Ôshima;NaN;8;8;1;1;0
-1;8.0;4958;Atif Yilmaz;NaN;0;0;0;0;0
-1;7.7;903;Edward Zwick;NaN;11;2;4;1;0
-1;7.7;784;Jan Svankmajer;NaN;3;0;0;0;0
-1;7.6;5589;Andrzej Wajda;NaN;6;6;1;1;0
-1;7.4;49016;James L. Brooks;3011;27;27;5;1;0
-1;7.2;16584;Mike Nichols;2899;2;2;0;1;0
333107271;7.6;401184;Steven Spielberg;1414;9;9;1;1;333107271
80000000;6.5;17459;Albert Magnoli;4614;6;6;1;1;80000000
-1;6.8;228;Kieth Merrill;NaN;0;0;0;0;239000000
-1;8.3;332856;Milos Forman;1209;6;6;8;1;0
-1;7.9;47298;Roland Joffé;NaN;24;24;3;1;0
-1;7.4;15474;David Lean;NaN;1;8;2;1;0
-1;5.9;12485;Gene Wilder;4319;2;5;1;1;0
-1;4.4;16713;Jeannot Szwarc;3500;0;3;0;0;0
-1;5.9;11887;Charles E. Sellier Jr.;NaN;0;0;0;0;0
-1;;;;NaN;0;0;0;0;0
-1;6.1;30;Bill Raymond;NaN;0;0;0;0;0
-1;6.8;6;Manuel 'Fyke' Cinco;NaN;4;2;0;0;0
-1;6.1;58;Philip Chan;NaN;0;0;0;0;0
-1;7.0;80;Toshiharu Ikeda;NaN;3;0;0;0;0
-1;8.3;2261;Michael Apted;NaN;3;3;0;0;0
-1;7.0;185;Richard Irving;NaN;3;3;1;1;0
-1;8.3;5167;Rob Epstein (as Robert Epstein);NaN;10;10;1;1;30187
-1;7.0;31;Nina Menkes;NaN;0;0;0;0;0
-1;7.4;9305;Robert Benton;NaN;11;11;2;1;0
-1;7.6;30601;Jim Jarmusch;2910;8;2;0;0;0
-1;7.1;436;John Huston;NaN;3;3;0;1;0
381109762;8.5;922519;Robert Zemeckis;245;19;19;1;1;381109762
300400000;6.8;167346;Sylvester Stallone;705;9;5;0;0;300400000
266185197;7.2;63953;Sydney Pollack;NaN;9;5;7;1;266185197
85313124;6.7;51973;Ron Howard;1696;9;5;2;1;85313124
-1;7.4;77841;Peter Weir;2123;9;5;2;1;0
-1;7.2;23772;Peter Bogdanovich;2676;1;1;1;1;0
-1;6.6;6076;Taylor Hackford;NaN;1;1;1;1;0
-1;6.8;20994;John Huston;NaN;25;25;1;1;0
-1;7.4;35591;James Ivory;3293;22;22;3;1;0
-1;6.1;606;Andrew Davis;NaN;0;0;0;0;0
-1;7.6;3556;Peter Masterson;NaN;1;2;1;1;0
-1;6.5;9651;John Landis;NaN;0;0;0;0;0
-1;8.2;98611;Akira Kurosawa;3606;2;3;1;1;0
-1;7.1;21;Dave Thompson;NaN;0;0;0;0;0
-1;5.5;24;Sergei Israelyan;NaN;0;0;0;0;0
-1;8.1;342;Ray Manzarek;NaN;0;0;0;0;0
-1;7.7;1085;Péter Tímár;NaN;0;0;0;0;0
-1;8.4;17597;;NaN;11;11;1;1;0
-1;5.7;10;Marcel Hanoun;NaN;0;0;0;0;0
-1;7.8;27;Bernhard Wicki;NaN;1;1;0;0;0
-1;8.1;53;Jeffrey D. Brown;NaN;0;0;1;1;0
-1;7.8;6639;Luis Puenzo;NaN;2;1;1;1;0
-1;8.7;11955;Nesli Çölgeçen (as Nesli Colgecen);NaN;4;0;0;0;0
-1;6.0;31;Ismael Rodríguez Jr.;NaN;0;0;0;0;0
-1;6.6;1894;Kartal Tibet;NaN;0;0;0;0;0
-1;7.4;1286;Hector Babenco;NaN;12;12;1;1;0
-1;6.9;120;Rick Wallace;NaN;0;1;1;1;0
-1;5.5;28;;NaN;0;0;0;0;0
356830601;6.9;259467;Tony Scott;367;10;10;1;1;356830601
131060248;8.4;594132;James Cameron;720;18;18;2;1;131060248
-1;8.1;348606;Oliver Stone;860;19;19;4;1;0
77200000;7.8;93726;Jean-Jacques Annaud;NaN;15;15;2;1;77200000
20172594;7.5;143334;David Cronenberg;1328;6;6;1;1;20172594
-1;7.0;67382;Martin Scorsese;4348;2;2;1;1;0
-1;7.9;61319;Woody Allen;NaN;24;24;3;1;0
-1;7.2;13551;Randa Haines;NaN;5;5;1;1;0
-1;6.4;3323;Bruce Beresford;NaN;3;0;0;1;0
-1;7.5;51294;Roland Joffé;3666;14;14;1;1;0
-1;5.7;5322;Kevin Tenney (as Kevin S. Tenney);NaN;0;0;0;0;0
-1;7.1;4483;Hal Needham;NaN;1;1;0;0;0
-1;6.6;1791;David Drury;NaN;3;3;1;1;0
-1;8.1;19822;Andrei Tarkovsky (as Andrei Tarkovskij);NaN;7;7;1;1;0
-1;7.3;2836;Fons Rademakers;NaN;4;0;1;1;0
-1;;;;NaN;0;0;0;0;0
-1;6.9;22;Muktha V. Srinivasan;NaN;0;0;0;0;0
-1;6.5;190;Robert Taicher;NaN;0;0;0;0;0
-1;7.3;723;Jos Stelling;NaN;8;2;0;0;0
-1;7.9;202;David Heeley;NaN;0;2;2;1;0
-1;3.8;94;Emilio Vieyra;NaN;0;0;0;0;0
-1;7.6;361;Glenn Jordan;NaN;5;5;2;1;0
-1;8.1;72;Brigitte Berman;NaN;0;0;1;1;0
-1;7.3;863;Janusz Majewski;NaN;0;0;0;0;0
-1;8.0;2072;;NaN;0;0;0;0;0
-1;7.7;278;Stuart Cooper;NaN;1;2;1;1;0
-1;8.2;10227;Georgiy Daneliya;NaN;3;1;0;0;0
-1;7.6;566;Chuck Workman;NaN;2;0;1;1;0
-1;8.1;196;Dwight Hemion;NaN;2;2;0;0;0
170000000;6.9;17314;Emile Ardolino;766;2;1;1;1;170000000
-1;7.1;4332;Norman Jewison;2846;3;4;3;1;0
106240936;7.9;253789;Brian De Palma;942;3;4;1;1;106240936
49998613;5.9;28358;William Dear;3149;1;7;1;1;49998613
-1;7.8;84395;Bernardo Bertolucci;3612;1;4;9;1;0
-1;7.4;133797;Oliver Stone;2723;1;4;1;1;0
-1;6.6;37234;Fred Schepisi;NaN;1;4;0;1;0
-1;6.8;49394;Joe Dante;3793;0;1;1;1;0
-1;4.3;9555;Elaine May;NaN;1;3;0;0;0
-1;7.8;16214;Gabriel Axel;NaN;3;4;1;1;0
-1;6.3;3147;Arthur Penn;NaN;0;0;0;0;0
-1;5.7;1111;Michael Hoffman;NaN;0;3;0;0;0
-1;;;;NaN;0;0;0;0;0
-1;6.0;69;Mehul Kumar;NaN;0;0;0;0;0
-1;5.4;88;Chia Yung Liu;NaN;0;0;0;0;0
-1;8.6;5105;Frédéric Back;NaN;8;2;1;1;0
-1;;;;NaN;0;0;0;0;0
-1;6.9;11;Hannelore Unterberg;NaN;0;0;0;0;0
-1;6.8;401;Ricky Lau;NaN;0;0;0;0;0
-1;7.4;665;Giorgos Konstadinou;NaN;0;0;0;0;0
-1;7.9;1632;Bill Couturié (as Bill Couturie);NaN;1;7;2;1;0
-1;7.8;192;Nobby Clark;NaN;0;0;0;0;0
354825435;8.0;438371;Barry Levinson;625;16;1;4;1;354825435
349200000;7.7;167282;Robert Zemeckis;2034;16;1;3;1;349200000
103173635;6.8;47473;Mike Nichols;3839;8;8;1;1;103173635
-1;7.5;229268;Tim Burton;354;6;6;1;1;0
-1;7.6;121719;;2830;2;9;1;1;0
-1;7.3;92313;Ron Howard;1199;2;9;0;1;0
-1;7.6;596;Stephen Frears;2908;17;17;3;1;0
-1;7.8;78214;Alan Parker;2692;16;16;1;1;0
-1;5.0;8165;Randal Kleiser;NaN;0;0;0;0;0
-1;8.5;198248;Giuseppe Tornatore;2541;1;5;1;1;0
-1;5.8;3348;Ernest Thompson;NaN;0;0;0;0;0
-1;6.3;12;Paul Schrader;NaN;0;2;0;0;0
-1;7.5;20;Antoni P. Canet;NaN;0;0;0;0;0
-1;8.6;7;Joe Christ;NaN;0;0;0;0;0
-1;6.7;15;;NaN;0;0;0;0;0
-1;5.7;12;Hark-On Fung;NaN;0;0;0;0;0
-1;6.8;414;David Greene;NaN;0;0;2;1;0
-1;6.2;29;;NaN;0;0;0;0;0
-1;6.8;53;;NaN;0;0;0;0;0
-1;7.3;303;Ringo Lam;NaN;0;0;0;0;0
-1;7.1;258;Christian I. Nyby II;NaN;0;0;0;0;0
474171806;8.2;62663;Steven Spielberg;1051;3;2;1;1;474171806
411348924;7.5;310382;Tim Burton;299;3;2;1;1;411348924
296999813;5.8;72119;Amy Heckerling;NaN;5;2;0;0;296999813
140000000;8.1;36392;Peter Weir;1179;5;2;1;1;140000000
222724172;6.3;128504;Joe Johnston;1465;5;2;1;1;222724172
211343479;7.6;21024;;1089;2;1;2;1;211343479
161001698;7.2;89303;Oliver Stone;3950;2;1;2;1;161001698
145793296;7.4;88281;Bruce Beresford;NaN;17;17;4;1;145793296
90000098;7.6;150169;James Cameron;990;8;8;1;1;90000098
-1;6.4;43942;Ted Kotcheff;1137;0;0;0;0;0
-1;7.9;112562;Edward Zwick;NaN;11;11;3;1;0
-1;7.9;60473;Jim Sheridan;3772;21;21;2;1;0
-1;6.1;783;Jeff Blyth;NaN;0;0;0;0;0
-1;7.0;11625;Milos Forman;NaN;2;4;0;1;0
-1;;;;NaN;0;0;0;0;0
-1;;;;NaN;0;0;0;0;0
-1;8.1;207;Andrzej Fidyk;NaN;4;0;0;0;0
-1;8.0;549;;NaN;3;0;1;1;0
-1;8.9;439;Sibi Malayil;NaN;0;0;0;0;0
-1;;;;NaN;0;0;0;0;0
-1;6.6;200;Klaus Maria Brandauer;NaN;7;1;0;0;0
-1;7.9;2701;Vidhu Vinod Chopra;NaN;7;0;0;0;0
-1;7.9;4439;;NaN;4;0;1;1;0
-1;7.5;4878;Norman René;NaN;6;6;0;1;0
-1;7.6;64;;NaN;0;0;0;0;0
290000000;7.0;177552;Jerry Zucker;1779;16;16;2;1;290000000
424200000;8.0;218892;Kevin Costner;761;44;44;7;1;424200000
200512643;7.6;163453;John McTiernan;2040;4;1;1;1;200512643
162738726;6.1;53242;Warren Beatty;NaN;6;6;3;1;162738726
-1;7.8;162603;Rob Reiner;947;4;4;1;1;0
-1;8.7;894429;Martin Scorsese;252;43;43;1;1;0
57968936;5.9;17911;Dwight H. Little;NaN;0;0;0;0;57968936
-1;6.2;13287;John Harrison;NaN;0;0;0;0;0
-1;7.3;1309;Barbet Schroeder;NaN;1;5;1;1;0
-1;7.8;117534;;3812;4;15;0;0;0
-1;6.8;10327;Bernardo Bertolucci;NaN;8;8;1;1;0
-1;7.9;679;;NaN;2;1;1;1;0
-1;7.6;15409;Kar-Wai Wong (as Kar Wai Wong);NaN;17;9;0;0;0
-1;;;;NaN;0;0;0;0;0
-1;5.9;213;;NaN;1;1;1;1;0
-1;7.1;407;Arvo Kruusement;NaN;0;0;0;0;0
-1;8.4;60;Jeff Margolis;NaN;3;3;1;1;0
-1;6.3;199;Parkman Wong;NaN;0;0;0;0;0
-1;7.4;187;Zbigniew Rybczynski (as Zbig Rybczynski);NaN;1;1;1;1;0
-1;;;Wing-Hung Tang;NaN;0;0;0;0;0
-1;;;;NaN;0;0;0;0;0
-1;7.2;325;Robert Markowitz;NaN;0;1;2;1;0
-1;8.7;16;Lawrence Jordan;NaN;0;0;0;0;0
-1;5.0;63;Akihisa Okamoto;NaN;0;0;0;0;0
-1;7.7;515;Satyajit Ray;NaN;0;0;0;0;0
-1;7.5;20582;Jean-Paul Rappeneau;NaN;30;30;1;1;0
315000000;8.5;89709;James Cameron;388;18;4;4;1;315000000
424967620;8.0;385131;;997;18;4;2;1;424967620
272742922;8.6;;Jonathan Demme;214;18;4;5;1;272742922
205405498;8.0;130044;Oliver Stone;2177;18;4;2;1;205405498
179033791;6.7;4405;Ron Underwood;4338;7;7;1;1;179033791
-1;7.0;85877;Tony Scott;3519;0;2;0;0;0
-1;6.8;23632;Barry Levinson;4519;10;10;2;1;0
-1;7.4;120914;Ridley Scott;1694;1;5;1;1;0
-1;7.6;72977;Terry Gilliam;3577;1;5;1;1;0
-1;5.9;2474;Ate de Jong (as Ate De Jong);NaN;0;0;0;0;0
-1;7.4;12432;Gabriele Salvatores;NaN;1;1;1;1;0
-1;4.2;5238;Stewart Raffill;NaN;0;0;0;0;0
-1;7.3;5744;Jocelyn Moorhouse;NaN;11;2;0;0;0
-1;;;;NaN;0;0;0;0;0
-1;8.6;29;David Kent-Watson;NaN;0;0;0;0;0
-1;5.9;14;Sisworo Gautama Putra;NaN;0;0;0;0;0
-1;8.4;72;;NaN;0;0;0;0;0
-1;7.0;33;;NaN;0;5;0;0;0
-1;6.3;129;Barry Bruce;NaN;1;5;1;1;0
-1;;;;NaN;0;0;0;0;0
-1;8.2;1665;;NaN;4;1;2;1;0
-1;7.1;1105;Brian Gibson;NaN;2;2;1;1;0
-1;6.8;150;Hitoshi Yazaki;NaN;0;0;0;0;0
-1;7.1;387;Philippe Garrel;NaN;1;2;0;0;0
504050219;8.0;315588;;772;30;30;2;1;504050219
215862692;7.5;171849;Francis Ford Coppola;756;3;4;3;1;215862692
159157447;8.2;337315;Clint Eastwood;790;1;2;4;1;159157447
156400000;6.5;7027;Andrew Davis;1256;1;2;0;1;156400000
149000000;6.5;93355;Robert Zemeckis;2294;1;2;1;1;149000000
134895607;8.0;230565;Martin Brest;1416;5;5;1;1;134895607
-1;7.8;135074;Michael Mann;1635;5;6;1;1;0
64088552;7.6;9575;Jonathan Lynn;914;1;5;1;1;64088552
-1;7.3;47091;Neil Jordan;3015;1;5;1;1;0
-1;7.3;48684;Robert Redford;4432;3;3;1;1;0
-1;7.5;25648;James Ivory;4678;1;1;3;1;0
-1;6.6;58541;Bernard Rose;NaN;5;7;0;0;0
-1;5.1;5159;Manny Coto;NaN;1;1;0;0;0
-1;6.7;3108;Allison Anders;NaN;4;6;0;0;0
-1;;;;NaN;0;0;0;0;0
-1;;;;NaN;0;0;0;0;0
-1;7.2;328;Aurelio Grimaldi;NaN;0;4;0;0;0
-1;7.9;72;John T. Davis;NaN;0;0;0;0;0
-1;6.6;214;Andy Tennant;NaN;0;2;0;0;0
-1;6.1;123;Wu Ma;NaN;0;0;0;0;0
-1;7.8;60942;Hayao Miyazaki;NaN;3;0;0;0;0
-1;7.3;498;Assi Dayan;NaN;10;1;0;0;0
-1;7.6;271;Stéphane Bernasconi;NaN;0;0;0;0;0
1029153882;8.1;774652;Steven Spielberg;207;17;3;3;1;1029153882
441286195;7.0;218005;Chris Columbus;755;17;3;1;1;441286195
368875760;7.8;243392;Andrew Davis;1503;17;3;1;1;368875760
221000000;8.9;;Steven Spielberg;262;17;3;7;1;221000000
206678440;7.7;205018;Jonathan Demme;2266;7;8;2;1;206678440
-1;7.6;72624;Jane Campion;2145;3;3;3;1;0
-1;8.0;536652;Harold Ramis;1380;1;5;1;1;0
60417219;6.4;33482;Joseph Ruben;NaN;1;2;0;0;60417219
-1;7.2;4369;Martin Scorsese;2683;14;14;1;1;0
-1;6.9;14805;Ron Underwood;NaN;1;10;0;0;0
-1;7.7;39374;Robert Altman;NaN;1;1;0;1;0
-1;7.1;2649;Tony Bill;NaN;1;3;0;0;0
-1;4.5;1663;Stephen Cornwell;NaN;0;0;0;0;0
-1;6.8;12229;Oliver Stone;NaN;2;5;1;1;0
-1;;;;NaN;0;0;0;0;0
-1;7.3;403;Ram Gopal Varma;NaN;0;0;0;0;0
-1;6.9;206;Christian I. Nyby II;NaN;0;0;0;0;0
-1;7.6;468;Glenn Jordan;NaN;0;8;1;1;0
-1;8.8;68;;NaN;0;0;0;0;0
-1;8.1;90;;NaN;0;0;0;0;0
-1;8.9;543;François Girard;NaN;3;1;0;0;0
-1;8.3;47047;Nick Park;NaN;12;0;1;1;0
-1;;;M. L. Behrman (as M. L. Behrman);NaN;0;0;0;0;0
987483777;8.5;822511;;206;1;1;2;1;987483777
677945399;8.8;;Robert Zemeckis;218;1;1;6;1;677945399
350448145;7.2;300018;Jan de Bont;1522;1;1;2;1;350448145
213928762;8.9;;Quentin Tarantino;104;2;2;1;1;213928762
160638883;7.5;131938;Edward Zwick;579;4;7;1;1;160638883
101646581;5.9;51275;Peter Hyams;3947;1;4;0;0;101646581
-1;6.7;12318;Alek Keshishian;NaN;1;1;0;1;0
-1;7.2;14178;Nicholas Hytner;NaN;15;15;1;1;0
-1;7.5;42871;Stephan Elliott;2774;9;9;1;1;0
-1;4.2;6134;Garry Marshall;NaN;1;4;0;0;0
-1;7.9;156703;Tim Burton;1591;1;4;2;1;0
-1;7.9;13068;Nikita Mikhalkov;NaN;5;10;1;1;0
-1;7.1;1002;Mina Shum;NaN;6;6;0;0;0
-1;6.7;11269;Jon Avnet;NaN;1;3;0;0;0
-1;8.9;240;Mark Magidson;NaN;0;0;0;0;0
-1;7.4;1596;Mehul Kumar;NaN;5;0;0;0;0
-1;5.7;79;Kaija Juurikkala;NaN;0;0;0;0;0
-1;7.2;28;Lawrence Johnston;NaN;4;0;0;0;0
-1;8.1;385;;NaN;6;6;5;1;0
54900000;7.7;30376;;NaN;9;8;1;1;54900000
-1;7.6;554;Felipe Aljure;NaN;6;1;0;0;0
-1;7.2;1393;Peggy Rajski;NaN;4;0;1;1;0
-1;7.5;41;Kanji Nakajima;NaN;0;0;0;0;0
-1;7.7;324;Govind Nihalani;NaN;2;0;0;0;0
355237933;7.6;243789;Ron Howard;589;2;3;2;1;355237933
346079773;6.7;150116;;1865;2;3;2;1;346079773
254134910;6.8;108242;Chris Noonan;2808;4;9;1;1;254134910
210409945;8.4;88316;Mel Gibson;360;7;6;5;1;210409945
182016617;7.6;64967;Clint Eastwood;3470;6;6;0;1;182016617
135000000;7.7;91332;Ang Lee;1578;1;3;1;1;135000000
115101622;6.9;7069;Barry Sonnenfeld;2096;1;3;1;1;115101622
-1;6.7;28655;Alfonso Arau;3532;6;11;1;1;0
-1;7.5;106149;Mike Figgis;1265;6;11;1;1;0
83088295;7.5;82365;Tim Robbins;4138;6;11;1;1;83088295
39748899;6.8;35439;Stanley Tong;NaN;2;11;0;0;39748899
34449356;8.6;897111;Bryan Singer;534;1;2;2;1;34449356
-1;6.8;39841;Gus Van Sant;3057;1;2;1;1;0
-1;6.9;18867;Spike Lee;NaN;0;6;0;0;0
-1;7.1;35577;Woody Allen;NaN;2;2;1;1;0
-1;3.9;1766;Mark Lewis;NaN;0;0;0;0;0
-1;7.0;140;Rashane Limtrakul;NaN;0;0;0;0;0
-1;8.1;903;Jon Blair;NaN;8;8;1;1;0
-1;;;;NaN;0;0;0;0;0
-1;6.3;90;Daniel Petrie;NaN;0;8;1;1;0
-1;6.4;195;Reza Badiyi;NaN;0;0;0;0;0
-1;3.7;430;Fritz Kiersch;NaN;0;0;0;0;0
-1;5.8;598;Lewis Teague;NaN;4;3;1;1;0
-1;7.2;223;Michel Negroponte;NaN;3;1;0;0;0
-1;9.0;2298;;NaN;2;2;1;1;0
-1;7.0;142;;NaN;0;0;0;0;0
-1;7.6;18;Shuhaimi Baba;NaN;0;0;0;0;0
-1;5.8;474;Jack Sholder;NaN;0;0;0;0;0
-1;7.7;1998;;NaN;7;10;1;1;0
-1;7.2;2068;Frank Pierson;NaN;7;10;1;1;0
817400891;7.0;491907;Roland Emmerich;677;8;15;1;1;817400891
273552592;7.3;220816;Cameron Crowe;1378;3;14;1;1;273552592
134700000;7.4;164949;Anthony Minghella;1428;5;7;9;1;134700000
126189000;5.9;60991;Rob Cohen;NaN;7;8;0;1;126189000
91000000;6.3;32049;Alan Parker;4355;1;3;1;1;91000000
273961019;5.6;100858;Tom Shadyac;3442;2;4;1;1;273961019
36000000;8.1;556627;;777;81;81;2;1;36000000
-1;4.9;1983;Praveen Nischol;NaN;0;0;0;0;0
36400000;6.8;52139;Stephen Hopkins;NaN;5;6;1;1;36400000
-1;7.7;48368;Scott Hicks;NaN;5;6;1;1;0
-1;8.0;81128;Billy Bob Thornton;2660;1;2;1;1;0
15600000;6.7;32575;Douglas McGrath;3354;2;2;1;1;15600000
-1;8.0;33467;Mike Leigh;NaN;1;1;0;1;0
-1;7.8;13515;Jan Sverák;NaN;8;13;1;1;0
-1;8.0;13721;Leon Gast;NaN;2;3;1;1;0
-1;7.4;6671;Patrice Leconte;NaN;15;5;0;1;0
-1;7.0;6729;Alexander Payne;NaN;3;2;0;0;0
-1;6.5;190;Sturla Gunnarsson;NaN;0;0;0;0;0
-1;7.9;18;Milton Lage;NaN;0;0;0;0;0
-1;8.2;168;David Douglas;NaN;0;0;0;0;0
-1;7.6;29;;NaN;0;0;0;0;0
-1;6.2;13;Kurt Kren;NaN;0;0;0;0;0
-1;7.3;169;Aleksandr Sokurov;NaN;0;0;0;0;0
-1;8.2;3357;Keith Truesdell;NaN;8;14;2;1;0
-1;8.3;13575;;NaN;10;1;1;1;0
-1;5.8;1336;Harry Baweja;NaN;0;0;0;0;0
2186772302;7.8;945826;James Cameron;189;4;1;11;1;2186772302
589390539;7.3;471683;Barry Sonnenfeld;841;4;1;1;1;589390539
314178011;7.7;252445;James L. Brooks;1615;4;1;2;1;314178011
172168576;6.3;116361;P.J. Hogan;1802;4;1;0;1;172168576
257938649;7.2;92133;Peter Cattaneo;4091;4;1;1;1;257938649
229163264;8.6;544869;Roberto Benigni;878;10;21;3;1;229163264
225933435;8.3;757392;Gus Van Sant;437;10;21;2;1;225933435
126216940;8.3;489024;Curtis Hanson;954;4;1;2;1;126216940
48200000;4.4;93914;Raja Gosnell;NaN;0;3;0;0;48200000
20400000;6.7;142203;Paul W.S. Anderson (as Paul Anderson);1541;1;1;0;0;20400000
-1;5.0;903;Rusty Cundieff;NaN;0;0;0;0;0
-1;7.0;13719;Paul Schrader;NaN;1;2;1;1;0
-1;7.3;3408;Errol Morris;NaN;11;2;0;0;0
-1;5.2;148;Leslie Greif;NaN;0;0;0;0;0
-1;8.5;36;;NaN;0;0;0;0;0
-1;6.9;123;F.A. Brabec;NaN;3;4;0;0;0
-1;8.0;29;Jose Javier Reyes;NaN;9;11;0;0;0
-1;6.5;190;Alexander Røsler;NaN;0;0;0;0;0
-1;7.8;47;;NaN;0;0;0;0;0
-1;7.6;616;Mark Jonathan Harris;NaN;2;2;1;1;0
-1;6.2;103;Vangelis Serdaris;NaN;4;2;0;0;0
-1;8.0;20551;Jan Pinkava;NaN;2;2;1;1;0
-1;7.9;12063;William Friedkin;NaN;6;6;1;1;0
-1;6.0;399;Claude Fournier;NaN;0;0;0;0;0
481840909;8.6;;Steven Spielberg;429;74;74;5;1;481840909
289317794;7.1;200019;John Madden;2556;4;11;7;1;289317794
218613188;7.1;107468;;2821;6;9;1;1;218613188
128038368;6.5;72926;Andrew Davis;4056;2;3;0;0;128038368
82150642;7.5;85302;Shekhar Kapur;3076;6;10;1;1;82150642
71485043;7.0;94788;Vincent Ward;2974;1;1;1;1;71485043
-1;6.6;480;Bruce Neibaur;NaN;0;0;0;0;120000000
-1;7.5;35789;Bille August;NaN;0;0;0;0;0
-1;7.7;29808;François Girard;3259;2;3;1;1;0
-1;7.5;27316;Bill Condon;NaN;37;37;1;1;0
-1;7.4;159841;Darren Aronofsky;3952;8;12;0;0;0
-1;4.9;108;;NaN;0;0;0;0;0
-1;7.0;165;Jeff Dupre (as Jeffrey Dupre);NaN;3;1;0;0;0
-1;;;Juan Francisco Urrusti;NaN;0;0;0;0;0
-1;;;;NaN;0;0;0;0;0
-1;8.2;26;Dan Sallitt;NaN;0;0;0;0;0
-1;8.1;51358;Giuseppe Tornatore;NaN;1;2;1;1;0
-1;7.2;341;Iara Lee;NaN;0;0;0;0;0
-1;4.7;339;Michael Shapiro;NaN;0;2;0;1;0
-1;6.1;198;Manuel Gutiérrez Aragón;NaN;4;2;0;0;0
463517383;8.7;;;106;13;6;4;1;463517383
448191819;7.3;179642;;1840;13;6;1;1;448191819
226200000;8.4;981465;Sam Mendes;284;7;12;5;1;226200000
222105681;4.9;143638;Barry Sonnenfeld;2594;16;17;0;0;222105681
206071502;7.4;304031;Tim Burton;953;1;7;1;1;206071502
88545092;7.4;87798;Lasse Hallström;3040;7;14;2;1;88545092
73521587;6.7;40713;Ted Demme;4108;2;4;0;1;73521587
-1;7.9;80143;Pedro Almodóvar;NaN;2;4;1;1;0
48350205;7.4;145976;James Mangold;1358;7;7;1;1;48350205
-1;7.4;11601;Milos Forman;3833;4;4;1;1;0
-1;6.9;10269;Franco Zeffirelli;NaN;3;1;1;1;0
-1;5.3;50303;Rand Ravich;NaN;0;0;0;0;0
-1;7.6;86589;Kimberly Peirce;2643;47;47;1;1;0
-1;5.4;1102;Ron Shelton;NaN;0;0;0;0;0
-1;6.5;1874;Antony J. Bowman (as Anthony Bowman);NaN;1;2;0;0;0
-1;4.5;1386;George Haas;NaN;0;0;0;0;0
-1;;;Dmitri Frolov;NaN;0;0;0;0;0
-1;;;;NaN;0;0;0;0;0
-1;8.8;37;David Mallet;NaN;0;0;0;0;0
-1;8.0;307;Hart Perry;NaN;0;0;0;0;0
-1;8.7;6822;Lawrence Jordan (as Larry Jordan);NaN;0;0;2;1;0
-1;7.1;57;Ruth Beckermann;NaN;0;0;0;0;0
-1;7.3;246;Andrucha Waddington;NaN;1;1;0;0;0
457640427;8.5;;Ridley Scott;153;12;20;5;1;457640427
345141403;6.1;182286;Ron Howard;2532;4;21;1;1;345141403
330444045;7.0;291601;Jay Roach;3518;4;21;0;1;330444045
256271286;7.3;157744;Steven Soderbergh;1285;15;31;1;1;256271286
213525736;7.9;238722;Ang Lee;2013;9;6;4;1;213525736
207515725;7.6;185468;Steven Soderbergh;1622;9;6;4;1;207515725
127666415;6.6;72295;Jonathan Mostow;4032;8;17;1;1;127666415
91036760;6.1;62941;Andrzej Bartkowiak;NaN;2;8;0;0;91036760
14848839;7.9;233589;Cameron Crowe;1107;52;52;1;1;14848839
36755000;6.6;56159;;4022;1;6;0;0;36755000
33807409;3.7;30204;Courtney Solomon;NaN;0;11;0;0;33807409
-1;7.0;6718;Greg Berlanti;NaN;1;1;0;0;0
-1;7.3;2485;Tony Gatlif;NaN;2;1;0;0;0
10558970;7.0;25516;Ed Harris;NaN;2;2;1;1;10558970
-1;;;Dmitri Frolov;NaN;0;0;0;0;0
-1;5.3;66;Wolfgang Panzer;NaN;0;0;0;0;0
-1;5.1;59;Tom Whitus;NaN;0;0;0;0;0
-1;9.2;6;;NaN;0;0;0;0;0
-1;7.6;821;;NaN;0;0;0;0;0
-1;6.5;42;Lieven Van Baelen;NaN;0;0;0;0;0
-1;6.8;293;Florian Gallenberger;NaN;7;0;1;1;0
-1;5.5;113;Deane Taylor;NaN;0;0;0;0;0
871530324;8.8;;Peter Jackson;157;1;1;4;1;871530324
562816256;8.1;730813;;1065;1;1;1;1;562816256
484409218;7.9;556492;;1005;1;1;1;1;484409218
449220945;6.1;291338;Michael Bay;410;4;20;1;1;449220945
313542341;8.2;763022;Ron Howard;883;10;22;4;1;313542341
274925095;8.6;548989;;695;8;6;1;1;274925095
179213434;7.6;25065;Baz Luhrmann;1271;2;14;2;1;179213434
172989651;7.7;337004;Ridley Scott;604;3;6;2;1;172989651
141220678;5.3;13745;Keenen Ivory Wayans;1646;3;4;0;0;141220678
104876233;7.7;3541;Antoine Fuqua;1518;1;1;1;1;104876233
87754044;7.3;72951;Robert Altman;2682;6;8;1;1;87754044
65754228;6.7;79652;Pat O'Connor;4113;0;3;0;0;65754228
-1;7.1;78359;Marc Forster;2321;14;14;1;1;0
14278720;6.2;26255;John Boorman;NaN;1;1;0;0;14278720
11800000;7.1;27;Neil Hollander;NaN;0;0;0;0;11800000
-1;4.5;333;Jorge Iglesias;NaN;0;0;0;0;0
-1;6.7;49397;David Wain;1346;0;0;0;0;0
-1;4.8;168;Laurice Guillen;NaN;1;7;0;0;0
-1;7.8;24;Boots Plata;NaN;0;0;0;0;0
-1;7.9;39;Nick Wickham;NaN;0;0;0;0;0
-1;;;;NaN;0;0;0;0;0
-1;;;;NaN;0;0;0;0;0
-1;6.8;366;Isamu Nakae;NaN;0;3;0;0;0
926047111;8.7;;Peter Jackson;672;123;123;2;1;926047111
306776732;7.2;199662;Rob Marshall;1218;3;34;6;1;306776732
242875078;7.1;226819;Curtis Hanson;952;14;12;1;1;242875078
214034224;7.9;47214;Doug Liman;1245;3;6;0;0;214034224
181001478;7.7;226998;Sam Mendes;1904;2;4;1;1;181001478
120072577;8.5;633213;Roman Polanski;561;1;8;3;1;120072577
199043242;6.1;97644;Marc Lawrence;NaN;2;3;0;0;199043242
56298474;7.4;7404;Julie Taymor;3285;15;15;2;1;56298474
-1;8.0;96539;Pedro Almodóvar;NaN;42;42;1;1;0
-1;5.8;3186;Malcolm D. Lee;NaN;1;7;0;0;0
108846072;7.6;115962;Stephen Daldry;2319;1;7;1;1;108846072
35564473;8.0;134416;Michael Moore;NaN;1;1;1;1;35564473
-1;7.7;164239;Spike Jonze;2537;7;12;1;1;0
-1;3.3;18717;William Malone;NaN;3;3;0;0;0
2683893;3.8;22712;Ron Underwood;NaN;1;12;0;0;2683893
-1;6.8;1641;Jon Purdy;NaN;0;0;0;0;0
-1;7.6;11939;Fernando León de Aranoa;NaN;46;19;0;0;0
-1;7.6;442;Jim Hanon;NaN;2;0;0;0;0
-1;4.5;217;Sandesh Kohli;NaN;0;0;0;0;0
-1;6.4;18;T.N. Mohan;NaN;0;0;0;0;0
-1;8.6;25;;NaN;2;0;0;0;0
-1;;;;NaN;0;0;0;0;0
1119929521;8.9;;Peter Jackson;324;2;1;11;1;1119929521
936743261;8.1;858134;;602;2;1;1;1;936743261
283000000;6.3;346575;Jonathan Mostow;1464;3;23;0;0;283000000
212011111;7.4;188374;Peter Weir;2951;2;4;2;1;212011111
173013509;7.2;131471;Anthony Minghella;2336;2;7;1;1;173013509
156822020;8.0;386106;Clint Eastwood;1047;54;54;2;1;156822020
87793604;5.4;13595;Steve Trenbirth;NaN;1;9;0;0;87793604
119723856;7.8;371558;Sofia Coppola;845;97;97;1;1;119723856
65497208;5.8;37126;Gérard Krawczyk;NaN;0;0;0;0;65497208
64240813;7.3;123776;Patty Jenkins;1511;29;29;1;1;64240813
80767884;6.7;44246;;NaN;0;9;0;0;80767884
-1;7.4;10334;François Dupeyron;NaN;28;32;0;1;0
-1;7.7;63592;Tom McCarthy;NaN;11;11;1;1;0
6289563;7.7;26876;Denys Arcand;NaN;1;3;1;1;6289563
2466444;6.6;20284;James Cox;2407;0;3;0;0;2466444
-1;2.9;2312;Gary Preisler;NaN;0;0;0;0;0
-1;6.1;46;Vitaliy Moskalenko;NaN;0;2;0;0;0
-1;;;;NaN;0;0;0;0;0
-1;7.0;64;Stephen Marshall;NaN;0;0;0;0;0
-1;6.6;179;Sven Martin;NaN;0;0;0;0;0
-1;;;;NaN;0;0;0;0;0
-1;8.4;1943;Adam Tandy;NaN;0;0;0;0;0
783766341;7.3;494329;Sam Raimi;1122;2;10;1;1;783766341
631442092;8.0;594804;Brad Bird;593;2;10;2;1;631442092
544272402;6.4;382731;Roland Emmerich;1189;2;10;1;1;544272402
216763646;8.1;58163;Clint Eastwood;1392;7;8;4;1;216763646
209073645;6.8;18391;Brad Silberling;1713;7;8;1;1;209073645
171963386;5.9;117876;John Hamburg;3819;1;9;0;0;171963386
124731534;7.7;126793;Taylor Hackford;2921;52;52;2;1;124731534
116766556;7.7;190284;Marc Forster;3147;19;19;1;1;116766556
109706931;7.5;168867;Alexander Payne;2046;3;13;1;1;109706931
213741459;7.5;305541;Martin Scorsese;1184;1;17;5;1;213741459
98410061;7.8;399002;Paul Haggis;784;3;23;3;1;98410061
92913171;6.6;168753;David Koepp;3069;0;3;0;0;92913171
73169222;8.3;816158;Michel Gondry;509;1;6;1;1;73169222
38535221;8.0;72512;Alejandro Amenábar;NaN;67;67;1;1;38535221
68895435;4.5;37671;Tim Story;NaN;3;7;0;0;68895435
-1;7.0;988;Charles Dance;NaN;0;3;0;0;0
-1;7.8;91257;Walter Salles;NaN;35;35;1;1;0
35150546;6.2;48078;Charles Shyer;NaN;2;5;1;1;35150546
-1;7.2;62414;Pierre Morel;NaN;1;1;0;0;0
-1;7.3;1478;;NaN;2;4;1;1;0
1548955;6.7;12792;Michael Mayer;NaN;1;5;0;0;1548955
-1;5.5;15;Dmitriy Astrakhan;NaN;0;0;0;0;0
-1;;;;NaN;0;0;0;0;0
-1;;;;NaN;0;0;0;0;0
-1;7.6;36;Róbert I. Douglas;NaN;0;0;0;0;0
-1;7.5;21;Irene Langemann;NaN;0;0;0;0;0
-1;8.6;251;;NaN;2;2;2;1;0
-1;8.1;39;;NaN;0;0;0;0;0
-1;7.2;363871;Peter Jackson;1083;1;4;3;1;0
192610372;7.5;114662;;4131;1;10;1;1;192610372
186438883;7.9;211375;James Mangold;664;2;17;1;1;186438883
178062759;7.7;297293;Ang Lee;630;2;17;3;1;178062759
162944923;6.4;92897;Sydney Pollack;NaN;3;2;0;0;162944923
162242962;7.4;130981;Rob Marshall;2047;3;2;3;1;162242962
127392693;7.6;53127;Luc Jacquet;NaN;1;5;1;1;127392693
93974620;6.9;119917;Stephen Gaghan;4103;1;13;1;1;93974620
88933562;5.5;48128;Rob Reiner;3749;0;0;0;0;88933562
-1;7.4;1248;Fernando Meirelles;2833;35;35;1;1;0
26013571;7.0;9358;Louis Leterrier;NaN;0;0;0;0;26013571
-1;7.4;116296;Bennett Miller;3617;59;59;1;1;0
-1;7.3;36849;Niki Caro;4662;6;6;0;1;0
-1;7.4;36541;Craig Brewer;NaN;1;4;1;1;0
-1;7.2;1085;Mamoru Hosoda;NaN;0;0;0;0;0
-1;7.3;26658;Gavin Hood;NaN;16;16;1;1;0
-1;7.4;47196;John Hillcoat;NaN;13;30;0;0;0
-1;7.6;2968;Dan Ireland;NaN;3;2;0;0;0
-1;6.9;89025;Shane Carruth;3572;3;7;0;0;0
-1;7.3;119;Sergey Loban;NaN;1;1;0;0;0
-1;3.6;32864;Rupert Wainwright;NaN;2;0;0;0;0
-1;6.2;16;;NaN;0;0;0;0;0
-1;7.6;80;;NaN;0;4;0;0;0
1066179725;7.3;608366;Gore Verbinski;1749;43;43;1;1;1066179725
599045960;8.0;535985;Martin Campbell;442;8;16;1;1;599045960
384335608;6.5;156434;;2923;7;14;1;1;384335608
289847354;8.5;;Martin Scorsese;258;7;26;4;1;289847354
261572744;7.3;330355;Larry Charles;1731;7;26;0;1;261572744
154937680;6.5;64021;Bill Condon;3553;66;66;2;1;154937680
135330182;7.5;272005;Alejandro G. Iñárritu (as Alejandro González Iñárritu);2299;1;5;1;1;135330182
123384128;7.3;97306;Stephen Frears;4559;95;95;1;1;123384128
119498909;5.5;53452;John Moore;3232;1;6;0;0;119498909
100523181;7.8;406955;;1297;5;15;2;1;100523181
87041569;8.2;567304;Guillermo del Toro;543;4;9;3;1;87041569
77356819;8.4;318972;Florian Henckel von Donnersmarck;941;77;77;1;1;77356819
68673228;7.9;145733;Clint Eastwood;4574;2;7;1;1;68673228
87134280;4.4;17002;Brian Robbins;NaN;2;5;0;0;87134280
60862471;6.4;924;Sofia Coppola;1873;1;1;1;1;60862471
48363516;7.7;164502;Kevin Macdonald;3604;4;1;1;1;48363516
-1;7.4;7702;Davis Guggenheim;NaN;3;14;2;1;0
-1;6.5;25894;Wayne Wang;NaN;0;7;0;0;0
26522838;7.5;85201;John Curran;4894;3;3;1;1;26522838
-1;6.1;10225;Chris Robinson;1553;0;7;0;0;0
-1;8.2;99541;Rakeysh Omprakash Mehra (as Rakesh Omprakash Mehra);NaN;1;3;0;1;0
-1;6.8;12242;Agnieszka Holland;NaN;2;5;0;0;0
-1;5.4;757;Kevin Carlin;NaN;0;0;0;0;0
899497;7.0;11335;Hans Canosa;NaN;3;4;0;0;899497
-1;7.5;26645;Kirby Dick;NaN;3;3;0;0;0
-1;5.9;101;Oren Rudavsky;NaN;0;0;0;0;0
-1;4.4;234;Dan Cox;NaN;0;0;0;0;0
623722818;8.0;572433;;1080;65;65;1;1;623722818
585349010;7.2;628669;Francis Lawrence;420;9;22;0;0;585349010
442824138;8.0;577261;Paul Greengrass;2185;1;5;3;1;442824138
346000000;6.1;166648;Chris Weitz;1751;3;16;1;1;346000000
231411584;7.5;463391;Jason Reitman;1020;89;89;1;1;231411584
171627166;8.1;759242;;318;2;11;4;1;171627166
152523073;7.4;320485;Tim Burton;1002;2;4;1;1;152523073
129266061;7.8;226785;Joe Wright;714;5;8;1;1;129266061
127766650;5.8;79854;;4245;0;0;0;0;127766650
92991835;7.3;148165;Tony Gilroy;3968;4;10;1;1;92991835
77208711;8.2;459063;Paul Thomas Anderson;357;107;107;2;1;77208711
74870866;6.9;61642;Shekhar Kapur;3925;1;1;1;1;74870866
71171825;7.7;268487;James Mangold;2539;3;3;0;1;71171825
37311672;7.1;54149;Julian Jarrold;4437;3;6;0;0;37311672
22217407;6.2;78566;James Wan;3639;0;0;0;0;22217407
-1;7.9;104555;John Carney;4537;22;22;1;1;0
-1;7.9;17043;Ömer Vargi;NaN;0;0;0;0;0
-1;5.5;928;Andrey Konchalovskiy;NaN;0;0;0;0;0
-1;6.4;341;Valeriy Todorovskiy;NaN;0;4;0;0;0
-1;4.2;26;;NaN;0;0;0;0;0
-1;7.5;13637;Alex Gibney;NaN;10;10;1;1;0
-1;6.0;149;Oleksandr Kyryenko (as Aleksandr Kirienko);NaN;1;1;0;0;0
-1;6.3;1858;Alki David;NaN;0;0;0;0;0
-1;;;;NaN;0;0;0;0;0
-1;8.3;23;;NaN;2;1;0;0;0
1004558444;9.0;;Christopher Nolan;82;2;1;2;1;1004558444
534767889;8.4;894855;Andrew Stanton;1385;4;11;1;1;534767889
377910544;8.0;742005;;1133;29;15;8;1;377910544
333932083;7.8;534936;David Fincher;889;29;15;3;1;333932083
170764026;7.0;348652;Matt Reeves;2314;5;29;0;0;170764026
113019290;7.6;216734;Stephen Daldry;1119;25;25;1;1;113019290
104504817;7.1;226429;Woody Allen;1745;1;3;1;1;104504817
84646831;2.7;96957;;NaN;0;6;0;0;84646831
-1;8.1;44448;Yôjirô Takita;NaN;36;36;1;1;0
57293371;7.6;154906;Gus Van Sant;3205;1;1;2;1;57293371
-1;7.9;276102;Darren Aronofsky;1824;5;15;0;1;0
43306325;6.9;72125;Saul Dibb;2652;1;1;1;1;43306325
49230772;7.6;389444;Kathryn Bigelow;1121;2;4;6;1;49230772
-1;7.5;32188;Laurent Cantet;NaN;1;7;0;1;0
16174377;6.9;66627;Christine Jeffs;4474;2;6;0;0;16174377
-1;7.2;721;Atsuji Shimizu;NaN;0;0;0;0;0
-1;6.8;13767;Randall Miller;4885;0;0;0;0;0
-1;7.8;49009;James Marsh;NaN;2;8;1;1;0
1299855;5.7;20914;Joshua Seftel;NaN;0;0;0;0;1299855
-1;6.8;497;Santiago Zannou (as Santiago A. Zannou);NaN;3;0;0;0;0
-1;7.9;8195;Majid Majidi;NaN;7;2;0;0;0
-1;7.2;72;Daniel Barnz;NaN;1;5;0;0;0
-1;7.6;122;Shaun Cashman;NaN;9;2;1;1;0
-1;5.8;6;;NaN;0;0;0;0;0
2787965087;7.8;;James Cameron;279;87;87;3;1;2787965087
731342744;8.2;834598;;1007;5;21;2;1;731342744
467483912;7.7;664786;Todd Phillips;309;20;24;1;1;467483912
385680446;8.0;554314;J.J. Abrams;635;2;9;1;1;385680446
313600000;8.3;;;181;3;5;1;1;313600000
309208309;7.7;264877;John Lee Hancock;834;3;5;1;1;309208309
219103655;6.6;79968;Nancy Meyers;3603;1;1;0;1;219103655
104395170;7.8;196834;Niels Arden Oplev;1848;1;8;1;1;104395170
101344412;7.1;131862;Robert Schwentke;2602;1;5;0;0;101344412
-1;5.8;4064;Rob Marshall;3415;8;8;0;1;0
-1;7.3;99565;Lee Daniels;1723;112;112;2;1;0
-1;7.3;79038;Scott Cooper;4326;37;37;2;1;0
33965843;8.2;17117;Juan José Campanella;1508;1;2;1;1;33965843
-1;6.4;106584;;3290;0;0;0;0;0
27409889;7.3;53584;Jean-Marc Vallée;4064;12;12;1;1;27409889
18497446;6.5;63527;;NaN;5;3;0;0;18497446
-1;6.6;70614;Werner Herzog;4813;3;9;0;0;0
9760104;7.9;309844;Duncan Jones;1233;1;4;1;1;9760104
-1;6.0;39466;;NaN;0;0;0;0;0
-1;5.9;437;Eldar Salavatov;NaN;0;2;0;0;0
-1;8.4;45024;Louie Psihoyos;NaN;1;4;1;1;1516214
-1;5.6;20492;Jonas Åkerlund;NaN;0;0;0;0;0
-1;6.9;1452;;NaN;0;2;0;0;0
-1;6.8;34103;Peter Stebbings;NaN;1;7;0;0;0
-1;;;;NaN;0;0;0;0;0
1063171911;8.3;672872;Lee Unkrich;862;1;1;2;1;1063171911
1025467110;6.5;355915;Tim Burton;673;1;1;2;1;1025467110
825532764;8.8;;Christopher Nolan;159;1;1;4;1;825532764
373700000;8.0;589036;Tom Hooper;1262;22;34;4;1;373700000
329398046;8.0;643572;Darren Aronofsky;466;1;10;1;1;329398046
319731881;4.1;136755;M. Night Shyamalan;1276;8;11;0;0;319731881
224920315;7.7;564569;David Fincher;652;167;167;3;1;224920315
136150434;5.6;82808;Kevin Greutert;3542;0;3;0;0;136150434
129190869;7.8;314525;David O. Russell;1090;72;72;2;1;129190869
89519773;6.4;70447;Steve Antin (as Steven Antin);1116;5;5;1;1;89519773
-1;6.1;6252;;NaN;0;0;0;0;71594792
-1;7.8;54595;Jeong-beom Lee;NaN;15;15;0;0;43059790
-1;4.8;18265;Wes Craven;NaN;0;0;0;0;0
-1;7.6;36377;Susanne Bier;NaN;11;11;1;1;13004198
-1;5.0;7;S. Ravi Mariya;NaN;0;0;0;0;0
-1;8.6;54499;Asif Kapadia;NaN;29;24;2;1;0
7871522;8.3;64977;Charles Ferguson;NaN;29;24;1;1;7871522
6007194;7.5;31599;Sylvain Chomet;NaN;6;6;0;1;6007194
-1;7.3;65764;Christopher Morris (as Chris Morris);3986;8;8;1;1;0
-1;4.1;1293;Leena Yadav;NaN;0;0;0;0;0
-1;7.9;659;Irfan Kamal;NaN;0;0;0;0;0
-1;4.8;24762;Dwight H. Little (as Dwight Little);NaN;0;0;0;0;0
-1;7.7;11927;;4491;7;13;1;1;0
-1;6.8;7019;James Gunn;3173;0;0;0;0;0
-1;7.2;24169;Xavier Dolan;NaN;6;15;0;0;0
665692281;7.2;225643;Jennifer Yuh Nelson;3066;5;30;0;1;665692281
232617430;7.8;38503;David Fincher;563;5;18;1;1;232617430
185770160;7.5;283205;Martin Scorsese;1105;1;3;5;1;185770160
177243185;7.3;222696;Alexander Payne;2355;66;66;1;1;177243185
173930596;6.7;34382;Andrew Niccol;1126;0;2;0;0;173930596
165184237;7.1;82401;James Bobin;4321;1;2;1;1;165184237
151119219;7.7;353721;Woody Allen;1212;25;25;1;1;151119219
133432856;7.9;216163;Michel Hazanavicius;3185;2;13;5;1;133432856
216639112;8.1;389221;Tate Taylor;204;1;9;1;1;216639112
114956699;6.4;95483;Phyllida Lloyd;4796;3;11;2;1;114956699
97143987;6.0;851;Mikael Håfström;4210;1;5;0;0;97143987
40492759;4.9;32791;Christian E. Christiansen;3074;0;7;0;0;40492759
-1;6.1;67438;Mark Mylod;3127;0;0;0;0;0
24426169;8.3;193403;Asghar Farhadi;2248;4;4;1;1;24426169
-1;7.6;90746;Morten Tyldum;4457;8;8;0;1;0
14311701;7.2;83419;Mike Mills;3979;11;20;1;1;14311701
-1;;;;NaN;0;0;0;0;0
-1;6.7;55559;Drake Doremus;4347;9;6;0;0;0
-1;7.0;8526;Mike Cahill;988;7;13;0;0;0
-1;8.4;839;Louis C.K.;NaN;2;2;1;1;0
-1;5.8;3516;Dominik Moll;NaN;2;0;0;0;0
-1;6.5;59885;Nick Murphy;NaN;4;2;0;0;0
-1;6.5;14631;Kenneth Lonergan;NaN;9;17;0;0;0
-1;7.6;28269;Paddy Considine;NaN;20;20;1;1;0
-1;3.8;32;Alejandro G. Alegre;NaN;0;0;0;0;0
1108561013;7.8;588722;Sam Mendes;734;65;65;2;1;1108561013
609016565;7.9;53016;Ang Lee;1637;1;13;4;1;609016565
538983207;7.1;335032;;801;1;13;1;1;538983207
441809770;7.6;283704;Tom Hooper;447;1;13;3;1;441809770
425368238;8.4;;Quentin Tarantino;200;1;13;2;1;425368238
275293450;7.4;227294;Steven Spielberg;812;1;11;2;1;275293450
236412453;7.7;617463;David O. Russell;747;2;6;1;1;236412453
232325503;7.7;53103;Ben Affleck;1088;1;4;3;1;232325503
208076205;6.8;191395;Daniel Espinosa;1991;1;7;0;0;208076205
132820716;7.4;24894;Kathryn Bigelow;847;87;87;1;1;132820716
85446075;5.9;53352;Ole Bornedal;NaN;0;6;0;0;85446075
-1;6.6;84068;Joe Wright;1282;20;33;1;1;68929150
46221189;6.6;136911;Asger Leth;3266;0;0;0;0;46221189
29844753;7.9;84363;Michael Haneke;3888;79;79;1;1;29844753
-1;6.5;17472;Ken Kwapis;NaN;0;0;0;0;0
-1;7.9;3001;Gauri Shinde;NaN;10;19;0;0;0
-1;2.9;892;Denis Alekseev;NaN;0;0;0;0;0
-1;6.5;12171;Peter Webber;NaN;0;0;0;0;3346265
-1;;;;NaN;0;0;0;0;0
-1;2.5;461;Ram Gopal Varma;NaN;0;0;0;0;0
-1;7.6;5862;;NaN;10;17;0;0;0
-1;6.4;3798;Olivier Assayas;NaN;5;4;0;0;0
-1;6.9;62165;Jonathan Kasdan;3319;0;0;0;0;0
1276480335;7.5;511944;;533;78;78;2;1;1276480335
723192705;7.7;702793;Alfonso Cuarón;1019;10;22;7;1;723192705
351040419;7.3;428307;Baz Luhrmann;333;2;7;2;1;351040419
318000141;7.5;391233;James Wan;246;15;22;0;0;318000141
187733202;8.1;571175;Steve McQueen;545;5;18;3;1;187733202
137328301;6.7;210068;Mikael Håfström;2677;0;2;0;0;137328301
99206215;7.3;178277;Woody Allen;2166;55;55;1;1;99206215
78378744;3.5;59529;;3480;0;5;0;0;78378744
55198285;8.0;399305;Jean-Marc Vallée;1023;82;82;3;1;55198285
47351251;8.0;460881;Spike Jonze;233;1;1;1;1;47351251
44907260;6.4;53703;Peter Segal;3425;1;1;0;0;44907260
23712400;7.8;71598;Paolo Sorrentino;3274;3;3;1;1;23712400
-1;5.5;17495;Oliver Hirschbiegel;NaN;0;0;0;0;0
-1;7.0;37627;Steven Soderbergh;NaN;47;21;2;1;0
-1;7.4;46251;Pawel Pawlikowski;4306;4;3;1;1;15298355
-1;7.2;3205;Koratala Siva (as Koratalla Siva);NaN;3;8;0;0;0
-1;5.8;201;Anzi Pan;NaN;0;0;0;0;0
5892661;7.4;11235;Morgan Neville;NaN;20;20;1;1;5892661
-1;7.4;59355;Noah Baumbach;3916;3;4;0;1;0
-1;6.3;17742;Jerusha Hess;4508;0;0;0;0;0
-1;;;;NaN;0;0;0;0;0
-1;7.8;242;Lijo Jose Pellissery;NaN;0;0;0;0;0
-1;6.4;1485;Philippe Garrel;NaN;0;2;0;0;0
675020017;8.6;;Christopher Nolan;158;4;30;1;1;675020017
657827828;7.8;365852;;1095;4;30;1;1;657827828
621537519;7.8;273369;Dean DeBlois;495;4;30;0;1;621537519
547326372;7.3;398345;Clint Eastwood;565;4;30;1;1;547326372
227774226;8.0;612883;Morten Tyldum;715;4;1;1;1;227774226
331333876;7.0;316517;;1454;7;24;0;0;331333876
174600318;8.1;626676;Wes Anderson;409;7;24;4;1;174600318
123726688;7.7;356993;James Marsh;1183;2;3;1;1;123726688
103215094;7.7;513264;Alejandro G. Iñárritu;564;192;192;4;1;103215094
100375432;4.9;44;Ben Falcone;NaN;1;7;0;0;100375432
66787908;7.5;77036;Ava DuVernay;3398;2;6;1;1;66787908
-1;6.1;20933;Steve Pink;NaN;0;0;0;0;0
50692666;7.9;313782;Richard Linklater;937;2;1;1;1;50692666
43884652;7.5;115793;;3050;3;16;1;1;43884652
21059366;7.0;76595;Tim Burton;1905;2;2;1;1;21059366
-1;6.6;10566;Mike Binder;NaN;2;2;0;0;0
48982041;8.5;604916;Damien Chazelle;342;90;90;3;1;48982041
-1;7.0;19616;Saul Dibb;3320;5;9;0;1;0
-1;7.1;119473;Steven Knight;2045;7;32;0;0;0
-1;8.1;47577;Laura Poitras;NaN;1;3;1;1;3780692
-1;8.0;103534;Gareth Evans;2983;4;10;0;0;0
-1;7.6;144;Myshkin;NaN;0;0;0;0;0
-1;6.9;172;Sachin Kundalkar;NaN;0;0;0;0;0
-1;6.1;35;Kôji Maeda;NaN;0;0;0;0;0
-1;6.0;4783;Steven Brill;4327;0;0;0;0;0
1516045911;7.2;332544;James Wan;549;15;57;0;1;1516045911
880674175;6.8;349501;Sam Mendes;650;8;47;1;1;880674175
857611174;8.2;527599;;844;8;47;1;1;857611174
532950503;8.0;611275;Alejandro G. Iñárritu;358;17;34;3;1;532950503
-1;8.1;770262;George Miller;185;8;27;6;1;0
183887723;5.3;165216;;616;4;16;0;0;183887723
165478348;7.6;260593;Steven Spielberg;2129;8;4;1;1;165478348
155760117;7.8;426771;Quentin Tarantino;227;2;21;1;1;155760117
133346506;7.8;304879;Adam McKay;424;37;37;1;1;133346506
94207861;7.4;198104;Antoine Fuqua;1672;0;11;0;0;94207861
98275238;8.1;359643;Tom McCarthy;918;123;123;2;1;98275238
-1;7.1;145275;Tom Hooper;904;1;10;1;1;0
-1;6.8;69567;John Erick Dowdle;2271;1;1;0;0;0
38978784;7.7;418763;Alex Garland;457;71;71;1;1;38978784
36262783;8.2;310785;Lenny Abrahamson;176;104;104;1;1;36262783
-1;7.4;3198;Bill Pohlad;4900;20;20;0;1;0
12601706;6.6;48535;Justin Kurzel;2804;3;22;0;0;12601706
-1;7.8;43413;Asif Kapadia;NaN;29;32;1;1;23778585
-1;;;;NaN;0;0;0;0;0
-1;7.7;38337;Hannes Holm;4926;14;14;0;1;29475694
-1;6.9;4096;Davis Guggenheim;NaN;4;17;1;1;0
6659121;7.5;38713;László Nemes (as Nemes László);NaN;4;24;1;1;6659121
-1;2.4;103;Arman Gevorgyan;NaN;0;0;0;0;0
-1;;;;NaN;0;0;0;0;0
-1;6.9;37829;John Maclean;NaN;7;18;0;0;0
-1;5.4;5772;Andrew Bujalski;NaN;0;5;0;0;0
-1;6.7;2327;Corneliu Porumboiu;NaN;5;13;0;0;0
1023784195;8.0;377158;;307;16;66;1;1;1023784195
966550600;7.4;238797;Jon Favreau;582;16;66;1;1;966550600
814037575;7.3;359209;David Yates;197;14;33;1;1;814037575
746846894;6.1;524154;David Ayer;64;14;33;1;1;746846894
446092357;8.0;427816;Damien Chazelle;349;1;10;6;1;446092357
303144152;7.0;305759;Morten Tyldum;210;11;1;0;1;303144152
203388186;7.9;505465;Denis Villeneuve;526;1;2;1;1;203388186
175302354;8.1;35969;Mel Gibson;312;3;12;2;1;175302354
36200000;6.2;157224;;1504;1;24;0;0;36200000
76130534;5.8;6209;Anna Foerster;875;0;0;0;0;76130534
62201310;7.8;211498;Kenneth Lonergan;989;125;125;2;1;62201310
55561162;7.4;223466;Barry Jenkins;470;1;3;3;1;55561162
64098857;7.2;85309;Denzel Washington;2280;54;54;1;1;64098857
-1;5.9;88;Leon Ding (as Ding Liang);NaN;0;0;0;0;0
16706524;6.4;46676;Ben Affleck;2739;0;3;0;0;16706524
-1;7.8;9509;Ron Howard;NaN;3;3;2;1;12283800
-1;4.3;171;;NaN;0;0;0;0;0
-1;6.3;4142;Abhinay Deo;NaN;0;0;0;0;0
-1;6.3;10358;Lorene Scafaria;NaN;0;2;0;0;0
-1;6.9;249;Sameer Thahir;NaN;0;0;0;0;0
-1;7.8;4036;Asghar Farhadi;4622;10;10;1;1;2216318
1968494;8.1;76197;Chan-wook Park;802;2;10;1;1;1968494
-1;5.2;183;Émile Gaudreault;NaN;0;0;0;0;0
-1;5.5;7029;;NaN;0;0;0;0;0
-1;7.9;43253;;4199;1;1;1;1;0
-1;5.7;7453;Elizabeth Wood;3177;1;3;0;0;0
